/*
Navicat MySQL Data Transfer

Source Server         : localhost
Source Server Version : 50709
Source Host           : localhost:3306
Source Database       : wms

Target Server Type    : MYSQL
Target Server Version : 50709
File Encoding         : 65001

Date: 2017-06-22 17:55:51
*/

SET GLOBAL log_bin_trust_function_creators = 1;

SET FOREIGN_KEY_CHECKS=0;

-- ----------------------------
-- Table structure for back
-- ----------------------------
DROP TABLE IF EXISTS `back`;
CREATE TABLE `back` (
`id`  int(10) NOT NULL AUTO_INCREMENT ,
`vendor_id`  int(10) NOT NULL COMMENT '供货商ID' ,
`back_code`  varchar(100) CHARACTER SET utf8 COLLATE utf8_general_ci NOT NULL COMMENT '订单号' ,
`back_type`  enum('1','2','3') CHARACTER SET utf8 COLLATE utf8_general_ci NOT NULL COMMENT '订单类型 1良品退回 2不良品退回 3料盒/器具' ,
`back_date`  date NOT NULL COMMENT '需求时间' ,
`address`  varchar(255) CHARACTER SET utf8 COLLATE utf8_general_ci NULL DEFAULT NULL COMMENT '收货方' ,
`contacts`  varchar(255) CHARACTER SET utf8 COLLATE utf8_general_ci NULL DEFAULT NULL COMMENT '收货方联系方式' ,
`status`  enum('create','receive','done') CHARACTER SET utf8 COLLATE utf8_general_ci NOT NULL COMMENT '订单状态' ,
`remark`  varchar(255) CHARACTER SET utf8 COLLATE utf8_general_ci NULL DEFAULT NULL COMMENT '备注' ,
`create_by`  int(10) NULL DEFAULT NULL ,
`create_at`  timestamp NULL DEFAULT CURRENT_TIMESTAMP ,
`update_by`  int(10) NULL DEFAULT NULL ,
`update_at`  timestamp NULL DEFAULT CURRENT_TIMESTAMP ON UPDATE CURRENT_TIMESTAMP ,
`isvalid`  tinyint(1) NULL DEFAULT 1 ,
PRIMARY KEY (`id`),
INDEX `IN_VENDOR_ID` (`vendor_id`) USING BTREE ,
INDEX `IN_ORDER_CODE` (`back_code`) USING BTREE 
)
ENGINE=InnoDB
DEFAULT CHARACTER SET=utf8 COLLATE=utf8_general_ci
COMMENT='发货单信息'
AUTO_INCREMENT=50

;

-- ----------------------------
-- Records of back
-- ----------------------------
BEGIN;
INSERT INTO `back` VALUES ('39', '4', 'R1706210001', '2', '2017-06-21', null, null, 'create', null, '5', '2017-06-21 15:13:16', null, '2017-06-21 15:13:16', '1'), ('40', '4', 'R1706210002', '2', '2017-06-21', null, null, 'done', null, '5', '2017-06-21 15:26:23', null, '2017-06-21 17:10:47', '1'), ('41', '4', 'R1706210003', '2', '2017-06-21', null, null, 'create', null, '5', '2017-06-21 15:27:00', '5', '2017-06-21 16:41:14', '0'), ('44', '4', 'R1706200001', '2', '2017-06-20', '收货地址 a', '联系方式 b', 'done', null, '5', '2017-06-21 17:48:42', null, '2017-06-21 17:51:07', '1'), ('45', '4', 'R1706220001', '1', '2017-06-22', null, null, 'done', null, '5', '2017-06-22 08:35:53', null, '2017-06-22 09:05:18', '1'), ('46', '4', 'R1706220002', '3', '2017-06-22', null, null, 'done', null, '5', '2017-06-22 08:36:03', '5', '2017-06-22 09:09:29', '1'), ('47', '4', 'R1706220003', '1', '2017-06-22', 'qweqweqweqweqweqweqweqwe', 'qweqweeeeeeeeeeeeeeeeeeeeeeeeeq', 'done', null, '5', '2017-06-22 13:10:17', null, '2017-06-22 13:12:30', '1'), ('48', '4', 'R1706210003', '1', '2017-06-21', null, null, 'done', null, '1', '2017-06-22 16:03:49', null, '2017-06-22 16:04:56', '1'), ('49', '4', 'R1706220004', '2', '2017-06-22', null, null, 'done', null, '1', '2017-06-22 16:06:01', null, '2017-06-22 16:06:16', '1');
COMMIT;

-- ----------------------------
-- Table structure for back_detail
-- ----------------------------
DROP TABLE IF EXISTS `back_detail`;
CREATE TABLE `back_detail` (
`id`  int(10) NOT NULL AUTO_INCREMENT ,
`back_id`  int(10) NOT NULL COMMENT '退还日期' ,
`goods_id`  int(11) NOT NULL COMMENT '物料ID' ,
`needs`  int(11) NULL DEFAULT 0 COMMENT '数量' ,
`remark`  varchar(255) CHARACTER SET utf8 COLLATE utf8_general_ci NULL DEFAULT NULL COMMENT '备注' ,
`create_by`  int(10) NULL DEFAULT NULL ,
`create_at`  timestamp NULL DEFAULT CURRENT_TIMESTAMP ,
`update_by`  int(10) NULL DEFAULT NULL ,
`update_at`  timestamp NULL DEFAULT CURRENT_TIMESTAMP ON UPDATE CURRENT_TIMESTAMP ,
`isvalid`  tinyint(1) NULL DEFAULT 1 ,
PRIMARY KEY (`id`)
)
ENGINE=InnoDB
DEFAULT CHARACTER SET=utf8 COLLATE=utf8_general_ci
COMMENT='退还供货商'
AUTO_INCREMENT=26

;

-- ----------------------------
-- Records of back_detail
-- ----------------------------
BEGIN;
INSERT INTO `back_detail` VALUES ('13', '39', '97', '34', null, '5', '2017-06-21 15:13:16', null, '2017-06-21 15:13:16', '1'), ('14', '40', '97', '30', null, '5', '2017-06-21 15:26:23', null, '2017-06-21 15:26:23', '1'), ('15', '41', '97', '30', null, '5', '2017-06-21 15:27:00', '5', '2017-06-21 16:41:14', '0'), ('16', '44', '97', '15', null, '5', '2017-06-21 17:48:42', null, '2017-06-21 17:48:42', '1'), ('17', '45', '95', '1', null, '5', '2017-06-22 08:35:53', null, '2017-06-22 08:35:53', '1'), ('18', '46', '101', '1', null, '5', '2017-06-22 08:36:03', '5', '2017-06-22 09:01:19', '0'), ('19', '47', '95', '1', null, '5', '2017-06-22 13:10:17', null, '2017-06-22 13:10:17', '1'), ('20', '47', '96', '2', null, '5', '2017-06-22 13:10:17', null, '2017-06-22 13:10:17', '1'), ('21', '47', '97', '3', null, '5', '2017-06-22 13:10:17', null, '2017-06-22 13:10:17', '1'), ('22', '48', '95', '10', null, '1', '2017-06-22 16:03:49', null, '2017-06-22 16:03:49', '1'), ('23', '48', '98', '5', null, '1', '2017-06-22 16:03:49', null, '2017-06-22 16:03:49', '1'), ('24', '49', '95', '1', null, '1', '2017-06-22 16:06:01', null, '2017-06-22 16:06:01', '1'), ('25', '49', '98', '2', null, '1', '2017-06-22 16:06:01', null, '2017-06-22 16:06:01', '1');
COMMIT;

-- ----------------------------
-- Table structure for customer
-- ----------------------------
DROP TABLE IF EXISTS `customer`;
CREATE TABLE `customer` (
`id`  int(10) NOT NULL AUTO_INCREMENT ,
`customer_code`  varchar(100) CHARACTER SET utf8 COLLATE utf8_general_ci NOT NULL COMMENT '客户代码' ,
`customer_name`  varchar(256) CHARACTER SET utf8 COLLATE utf8_general_ci NOT NULL COMMENT '客户名称' ,
`customer_shortname`  varchar(256) CHARACTER SET utf8 COLLATE utf8_general_ci NULL DEFAULT NULL COMMENT '客户简称' ,
`create_by`  int(10) NULL DEFAULT NULL ,
`create_at`  timestamp NULL DEFAULT CURRENT_TIMESTAMP ,
`update_by`  int(10) NULL DEFAULT NULL ,
`update_at`  timestamp NULL DEFAULT CURRENT_TIMESTAMP ON UPDATE CURRENT_TIMESTAMP ,
`isvalid`  tinyint(1) NULL DEFAULT 1 ,
PRIMARY KEY (`id`)
)
ENGINE=InnoDB
DEFAULT CHARACTER SET=utf8 COLLATE=utf8_general_ci
COMMENT='客户信息表'
AUTO_INCREMENT=7

;

-- ----------------------------
-- Records of customer
-- ----------------------------
BEGIN;
INSERT INTO `customer` VALUES ('3', 'JH', '江淮', '2222', '1', '2017-04-27 18:14:07', '5', '2017-06-20 11:00:27', '1'), ('4', 'CC', '长城', null, '1', '2017-04-27 18:25:13', '5', '2017-06-20 11:01:24', '0'), ('5', 'JL', '吉利', null, '1', '2017-04-27 18:25:23', '5', '2017-06-20 11:01:26', '0'), ('6', 'TT', 'test', '1', '5', '2017-06-20 10:56:34', '5', '2017-06-20 11:00:34', '0');
COMMIT;

-- ----------------------------
-- Table structure for goods
-- ----------------------------
DROP TABLE IF EXISTS `goods`;
CREATE TABLE `goods` (
`id`  int(10) NOT NULL AUTO_INCREMENT ,
`goods_ccode`  varchar(256) CHARACTER SET utf8 COLLATE utf8_general_ci NOT NULL COMMENT '客户图号' ,
`goods_vcode`  varchar(256) CHARACTER SET utf8 COLLATE utf8_general_ci NULL DEFAULT NULL COMMENT '供应商图号' ,
`goods_name`  varchar(256) CHARACTER SET utf8 COLLATE utf8_general_ci NOT NULL COMMENT '物料名称' ,
`vendor_id`  int(10) NOT NULL COMMENT '供应商ID' ,
`stock_id`  int(10) NOT NULL COMMENT '库区ID' ,
`using_count`  int(10) NOT NULL DEFAULT 0 COMMENT '用倍量' ,
`everyday_count`  int(10) NOT NULL DEFAULT 0 COMMENT '每日需求量' ,
`safe_days`  int(10) NOT NULL DEFAULT 0 COMMENT '安全天数' ,
`goods_packing`  enum('1','2','3') CHARACTER SET utf8 COLLATE utf8_general_ci NOT NULL COMMENT '包装类型     1: \"纸箱\", 2: \"料盒\",3: \"器具\"' ,
`packing_length`  decimal(10,2) NULL DEFAULT 0.00 COMMENT '长' ,
`packing_width`  decimal(10,2) NULL DEFAULT 0.00 COMMENT '宽' ,
`packing_height`  decimal(10,2) NULL DEFAULT 0.00 COMMENT '高' ,
`packing_volume`  decimal(10,2) NULL DEFAULT 0.00 COMMENT '容量' ,
`layer_put`  int(10) NULL DEFAULT 0 COMMENT '每层摆放数' ,
`goods_layer_height`  int(10) NULL DEFAULT 0 COMMENT '层数' ,
`create_by`  int(10) NULL DEFAULT NULL ,
`create_at`  timestamp NULL DEFAULT CURRENT_TIMESTAMP ,
`update_by`  int(10) NULL DEFAULT NULL ,
`update_at`  timestamp NULL DEFAULT CURRENT_TIMESTAMP ON UPDATE CURRENT_TIMESTAMP ,
`isvalid`  tinyint(1) NULL DEFAULT 1 ,
PRIMARY KEY (`id`)
)
ENGINE=InnoDB
DEFAULT CHARACTER SET=utf8 COLLATE=utf8_general_ci
COMMENT='物料信息'
AUTO_INCREMENT=309

;

-- ----------------------------
-- Records of goods
-- ----------------------------
BEGIN;
INSERT INTO `goods` VALUES ('3', '1101100U8510ZA', '', 'B2燃油箱带泵总成', '2', '2', '0', '0', '0', '2', '0.00', '0.00', '0.00', '30.00', '0', '0', '1', '2017-05-02 14:00:58', '5', '2017-06-20 12:20:51', '1'), ('4', '85370-V7050', '23640000', '前排顶棚扶手', '1', '2', '0', '0', '0', '3', '0.00', '0.00', '0.00', '50.00', '0', '0', '1', '2017-05-02 14:02:22', null, '2017-05-16 17:16:43', '1'), ('5', '5607300U7500', 'S6022-1P', '行李箱左拉簧总成', '13', '1', '1', '0', '0', '1', '0.00', '0.00', '0.00', '40.00', '0', '0', null, '2017-05-03 15:08:42', null, '2017-05-16 17:16:43', '1'), ('6', '5607400U7500', 'S6023-1P', '行李箱右拉簧总成', '13', '1', '1', '0', '0', '3', '0.00', '0.00', '0.00', '20.00', '0', '0', null, '2017-05-03 15:08:42', null, '2017-05-16 17:16:43', '1'), ('7', '5607500U7500', '9010080', '行李箱弹簧海绵', '13', '1', '1', '0', '0', '3', '0.00', '0.00', '0.00', '40.00', '0', '0', null, '2017-05-03 15:08:42', null, '2017-05-16 17:16:43', '1'), ('8', '5605310U8710', '2206501024', '行李箱回位扭簧（左）', '13', '1', '1', '0', '0', '3', '0.00', '0.00', '0.00', '40.00', '0', '0', null, '2017-05-03 15:08:42', null, '2017-05-16 17:16:43', '1'), ('9', '5605320U8710', '2206501025', '行李箱回位扭簧（右）', '13', '1', '1', '0', '0', '2', '0.00', '0.00', '0.00', '20.00', '0', '0', null, '2017-05-03 15:08:42', null, '2017-05-16 17:16:43', '1'), ('10', '5605310U8510', '2206501018', '行李箱扭杆（左）', '13', '1', '1', '0', '0', '2', '0.00', '0.00', '0.00', '30.00', '0', '0', null, '2017-05-03 15:08:42', null, '2017-05-16 17:16:43', '1'), ('11', '5605320U8510  ', '2206501019', '行李箱扭杆（右）', '13', '1', '1', '0', '0', '2', '0.00', '0.00', '0.00', '30.00', '0', '0', null, '2017-05-03 15:08:42', null, '2017-05-16 17:16:43', '1'), ('12', '5607501U71C0', '2206501022', '左行李箱盖扭杆', '13', '1', '1', '0', '0', '2', '0.00', '0.00', '0.00', '50.00', '0', '0', null, '2017-05-03 15:08:42', null, '2017-05-16 17:16:43', '1'), ('13', '5607502U71C0', '22065010021', '右行李箱盖扭杆', '13', '1', '1', '0', '0', '3', '0.00', '0.00', '0.00', '40.00', '0', '0', null, '2017-05-03 15:08:42', null, '2017-05-16 17:16:43', '1'), ('14', '8103010*1100-Z001', '', '五代压缩机', '9', '1', '1', '0', '0', '2', '0.00', '0.00', '0.00', '20.00', '0', '0', null, '2017-05-03 15:08:42', null, '2017-05-16 17:16:43', '1'), ('15', '8104010*1020', '', '四代压缩机', '9', '1', '1', '0', '0', '2', '0.00', '0.00', '0.00', '20.00', '0', '0', null, '2017-05-03 15:08:42', null, '2017-05-16 17:16:43', '1'), ('16', '8103011*1020', '', '四代支架(压缩机支架）', '9', '1', '1', '0', '0', '2', '0.00', '0.00', '0.00', '20.00', '0', '0', null, '2017-05-03 15:08:42', null, '2017-05-16 17:16:43', '1'), ('17', '8104030*1020', '', '四代控制器', '9', '1', '1', '0', '0', '1', '0.00', '0.00', '0.00', '20.00', '0', '0', null, '2017-05-03 15:08:42', null, '2017-05-16 17:16:43', '1'), ('18', '8103010X4100-Z001', '', '一体式压缩机', '9', '1', '1', '0', '0', '2', '0.00', '0.00', '0.00', '40.00', '0', '0', null, '2017-05-03 15:08:42', null, '2017-05-16 17:16:43', '1'), ('19', '8103010X1044', '', '一体式电动涡液压缩机', '9', '1', '1', '0', '0', '1', '0.00', '0.00', '0.00', '40.00', '0', '0', null, '2017-05-03 15:08:42', null, '2017-05-16 17:16:43', '1'), ('20', '1101100U8510Z1 ', '10011098', 'B2燃油箱带泵总成', '17', '1', '1', '0', '0', '2', '0.00', '0.00', '0.00', '30.00', '0', '0', null, '2017-05-03 15:08:42', null, '2017-05-16 17:16:43', '1'), ('21', '1101100U221B-Z001 ', '10011713', 'B2燃油箱带泵总成出口', '17', '1', '1', '0', '0', '2', '0.00', '0.00', '0.00', '30.00', '0', '0', null, '2017-05-03 15:08:42', null, '2017-05-16 17:16:43', '1'), ('22', '6104160U2210', '', 'Bcross左前门前导轨总成', '21', '1', '1', '0', '0', '2', '0.00', '0.00', '0.00', '40.00', '0', '0', null, '2017-05-03 15:08:42', null, '2017-05-16 17:16:43', '1'), ('23', '6104260U2210', '', 'Bcross右前门前导轨总成', '21', '1', '1', '0', '0', '1', '0.00', '0.00', '0.00', '40.00', '0', '0', null, '2017-05-03 15:08:42', null, '2017-05-16 17:16:43', '1'), ('24', '6104180U2210', '', 'Bcross左前门后下导轨总成', '21', '1', '1', '0', '0', '1', '0.00', '0.00', '0.00', '20.00', '0', '0', null, '2017-05-03 15:08:42', null, '2017-05-16 17:16:43', '1'), ('25', '6104280U2210', '', 'Bcross右前门后下导轨总成', '21', '1', '1', '0', '0', '3', '0.00', '0.00', '0.00', '40.00', '0', '0', null, '2017-05-03 15:08:42', null, '2017-05-16 17:16:43', '1'), ('26', '6204160U2210', '', 'Bcross左后门导轨总成', '21', '1', '1', '0', '0', '3', '0.00', '0.00', '0.00', '40.00', '0', '0', null, '2017-05-03 15:08:42', null, '2017-05-16 17:16:43', '1'), ('27', '6204260U2210', '', 'Bcross右后门导轨总成', '21', '1', '1', '0', '0', '2', '0.00', '0.00', '0.00', '40.00', '0', '0', null, '2017-05-03 15:08:42', null, '2017-05-16 17:16:43', '1'), ('28', '6104210U1010', '', '左前门后侧玻璃竖向导槽', '21', '1', '1', '0', '0', '2', '0.00', '0.00', '0.00', '50.00', '0', '0', null, '2017-05-03 15:08:42', null, '2017-05-16 17:16:43', '1'), ('29', '6204240U1010', '', '右中门前侧玻璃竖向导槽', '21', '1', '1', '0', '0', '2', '0.00', '0.00', '0.00', '30.00', '0', '0', null, '2017-05-03 15:08:42', null, '2017-05-16 17:16:43', '1'), ('30', '71346-4A000', '', '中门下导轨', '21', '1', '1', '0', '0', '3', '0.00', '0.00', '0.00', '30.00', '0', '0', null, '2017-05-03 15:08:42', null, '2017-05-16 17:16:43', '1'), ('31', '81170-4A000', '', '引擎盖撑杆总成', '21', '1', '1', '0', '0', '2', '0.00', '0.00', '0.00', '30.00', '0', '0', null, '2017-05-03 15:08:42', null, '2017-05-16 17:16:43', '1'), ('32', '81173-22000', '', '引擎盖撑杆护套', '21', '1', '1', '0', '0', '1', '0.00', '0.00', '0.00', '20.00', '0', '0', null, '2017-05-03 15:08:42', null, '2017-05-16 17:16:43', '1'), ('33', '5522100X4100', '', '6S左前门裙边', '23', '1', '1', '0', '0', '3', '0.00', '0.00', '0.00', '50.00', '0', '0', null, '2017-05-03 15:08:42', null, '2017-05-16 17:16:43', '1'), ('34', '5522200X4100', '', '6S右前门裙边', '23', '1', '1', '0', '0', '1', '0.00', '0.00', '0.00', '20.00', '0', '0', null, '2017-05-03 15:08:42', null, '2017-05-16 17:16:43', '1'), ('35', '5522300X4100', '', '6S左后门裙边', '23', '1', '1', '0', '0', '2', '0.00', '0.00', '0.00', '50.00', '0', '0', null, '2017-05-03 15:08:42', null, '2017-05-16 17:16:43', '1'), ('36', '5522400X4100', '', '6S右后门裙边', '23', '1', '1', '0', '0', '2', '0.00', '0.00', '0.00', '30.00', '0', '0', null, '2017-05-03 15:08:42', null, '2017-05-16 17:16:43', '1'), ('37', '3725030U7500', '', '车载电源逆变器总成', '20', '1', '1', '0', '0', '3', '0.00', '0.00', '0.00', '30.00', '0', '0', null, '2017-05-03 15:08:42', null, '2017-05-16 17:16:43', '1'), ('38', '4104400U7500', '', '内部照明灯总成(白）', '20', '1', '1', '0', '0', '3', '0.00', '0.00', '0.00', '30.00', '0', '0', null, '2017-05-03 15:08:42', null, '2017-05-16 17:16:43', '1'), ('39', '4104300U7500', '', '江淮门警示灯总成（红）', '20', '1', '1', '0', '0', '3', '0.00', '0.00', '0.00', '20.00', '0', '0', null, '2017-05-03 15:08:42', null, '2017-05-16 17:16:43', '1'), ('40', '3608600U7500', '', '后视镜控制模块总成(豪华型)', '20', '1', '1', '0', '0', '2', '0.00', '0.00', '0.00', '40.00', '0', '0', null, '2017-05-03 15:08:42', null, '2017-05-16 17:16:43', '1'), ('41', '3608600U7501', '', '后视镜控制模块总成（基本/标准型）', '20', '1', '1', '0', '0', '3', '0.00', '0.00', '0.00', '20.00', '0', '0', null, '2017-05-03 15:08:42', null, '2017-05-16 17:16:43', '1'), ('42', '5702600U1510', '22970000', '左侧顶把手总成', '19', '1', '1', '0', '0', '1', '0.00', '0.00', '0.00', '40.00', '0', '0', null, '2017-05-03 15:08:42', null, '2017-05-16 17:16:43', '1'), ('43', '5702700U1510', '22960000', '右侧顶把手总成', '19', '1', '1', '0', '0', '2', '0.00', '0.00', '0.00', '30.00', '0', '0', null, '2017-05-03 15:08:42', null, '2017-05-16 17:16:43', '1'), ('44', '5702610U2210', '94330000', '眼镜盒', '19', '1', '1', '0', '0', '1', '0.00', '0.00', '0.00', '20.00', '0', '0', null, '2017-05-03 15:08:42', null, '2017-05-16 17:16:43', '1'), ('45', '5702500U1910', '25180000', '左后顶棚扶手总成', '19', '1', '1', '0', '0', '1', '0.00', '0.00', '0.00', '40.00', '0', '0', null, '2017-05-03 15:08:42', null, '2017-05-16 17:16:43', '1'), ('46', '5702600U1910', '25190000', '右后顶棚扶手总成', '19', '1', '1', '0', '0', '2', '0.00', '0.00', '0.00', '40.00', '0', '0', null, '2017-05-03 15:08:42', null, '2017-05-16 17:16:43', '1'), ('47', '5702700U1910', '25200000', '右前顶棚扶手总成', '19', '1', '1', '0', '0', '2', '0.00', '0.00', '0.00', '30.00', '0', '0', null, '2017-05-03 15:08:42', null, '2017-05-16 17:16:43', '1'), ('48', '5702600U7502', '25120000', '左后顶棚扶手总成', '19', '1', '1', '0', '0', '2', '0.00', '0.00', '0.00', '40.00', '0', '0', null, '2017-05-03 15:08:42', null, '2017-05-16 17:16:43', '1'), ('49', '5702700U7502', '25130000', '右前/右后顶棚扶手总成', '19', '1', '1', '0', '0', '2', '0.00', '0.00', '0.00', '50.00', '0', '0', null, '2017-05-03 15:08:42', null, '2017-05-16 17:16:43', '1'), ('50', '5702700U8510', '23390000', '后左顶棚拉手', '19', '1', '1', '0', '0', '1', '0.00', '0.00', '0.00', '20.00', '0', '0', null, '2017-05-03 15:08:42', null, '2017-05-16 17:16:43', '1'), ('51', '5702800U8510', '23400000', '右前/右后顶棚拉手', '19', '1', '1', '0', '0', '2', '0.00', '0.00', '0.00', '50.00', '0', '0', null, '2017-05-03 15:08:42', null, '2017-05-16 17:16:43', '1'), ('52', '5702500X1100', '24480000', '左后顶棚扶手总成', '19', '1', '1', '0', '0', '2', '0.00', '0.00', '0.00', '50.00', '0', '0', null, '2017-05-03 15:08:42', null, '2017-05-16 17:16:43', '1'), ('53', '5702600X1100', '24490000', '右后顶棚扶手总成', '19', '1', '1', '0', '0', '2', '0.00', '0.00', '0.00', '40.00', '0', '0', null, '2017-05-03 15:08:42', null, '2017-05-16 17:16:43', '1'), ('54', '5702700X1100', '24500000', '右前顶棚扶手总成', '19', '1', '1', '0', '0', '3', '0.00', '0.00', '0.00', '40.00', '0', '0', null, '2017-05-03 15:08:42', null, '2017-05-16 17:16:43', '1'), ('55', '5702010U71C0', '24170000', '前排顶棚扶手', '19', '1', '1', '0', '0', '3', '0.00', '0.00', '0.00', '30.00', '0', '0', null, '2017-05-03 15:08:42', null, '2017-05-16 17:16:43', '1'), ('56', '5702070U71C0', '24180000', '后排（左）顶棚扶手', '19', '1', '1', '0', '0', '2', '0.00', '0.00', '0.00', '30.00', '0', '0', null, '2017-05-03 15:08:42', null, '2017-05-16 17:16:43', '1'), ('57', '5702080U71C0', '24190000', '后排（右）顶棚扶手', '19', '1', '1', '0', '0', '2', '0.00', '0.00', '0.00', '30.00', '0', '0', null, '2017-05-03 15:08:42', null, '2017-05-16 17:16:43', '1'), ('58', '85468-V7050', '23970000', '登车扶手总成', '19', '1', '1', '0', '0', '2', '0.00', '0.00', '0.00', '40.00', '0', '0', null, '2017-05-03 15:08:42', null, '2017-05-16 17:16:43', '1'), ('59', '85340-V7125', '24010000', '登车扶手', '19', '1', '1', '0', '0', '2', '0.00', '0.00', '0.00', '50.00', '0', '0', null, '2017-05-03 15:08:42', null, '2017-05-16 17:16:43', '1'), ('60', '85350-V7050', '23620000', '前顶棚拉手', '19', '1', '1', '0', '0', '2', '0.00', '0.00', '0.00', '40.00', '0', '0', null, '2017-05-03 15:08:42', null, '2017-05-16 17:16:43', '1'), ('61', '85360-V7050', '23630000', '后左顶棚拉手', '19', '1', '1', '0', '0', '1', '0.00', '0.00', '0.00', '30.00', '0', '0', null, '2017-05-03 15:08:42', null, '2017-05-16 17:16:43', '1'), ('62', '85370-V7050', '23640000', '后右顶棚拉手', '19', '1', '1', '0', '0', '3', '0.00', '0.00', '0.00', '40.00', '0', '0', null, '2017-05-03 15:08:42', null, '2017-05-16 17:16:43', '1'), ('63', '5702010U2090', '22660000', '前排顶棚扶手', '19', '1', '1', '0', '0', '3', '0.00', '0.00', '0.00', '40.00', '0', '0', null, '2017-05-03 15:08:42', null, '2017-05-16 17:16:43', '1'), ('64', '5702070U2090', '22670000', '后排（左）顶棚扶手', '19', '1', '1', '0', '0', '1', '0.00', '0.00', '0.00', '30.00', '0', '0', null, '2017-05-03 15:08:42', null, '2017-05-16 17:16:43', '1'), ('65', '5702080U2090', '22680000', '后排（右）顶棚扶手', '19', '1', '1', '0', '0', '1', '0.00', '0.00', '0.00', '20.00', '0', '0', null, '2017-05-03 15:08:42', null, '2017-05-16 17:16:43', '1'), ('66', '5702600U7500', '24200000', '左后顶棚扶手总成', '19', '2', '1', '0', '0', '3', '0.00', '0.00', '0.00', '40.00', '0', '0', null, '2017-05-03 15:08:42', null, '2017-05-16 17:16:43', '1'), ('67', '5702700U7500', '24210000', '右前/右后顶棚扶手总成', '19', '2', '1', '0', '0', '2', '0.00', '0.00', '0.00', '30.00', '0', '0', null, '2017-05-03 15:08:42', null, '2017-05-16 17:16:43', '1'), ('68', '5702510V0010', '24470000', '顶扶手总成', '19', '2', '1', '0', '0', '3', '0.00', '0.00', '0.00', '20.00', '0', '0', null, '2017-05-03 15:08:42', null, '2017-05-16 17:16:43', '1'), ('69', '5702500U8710', '23930000', '左后顶棚扶手总成', '19', '2', '1', '0', '0', '3', '0.00', '0.00', '0.00', '20.00', '0', '0', null, '2017-05-03 15:08:42', null, '2017-05-16 17:16:43', '1'), ('70', '5702600U8710', '23940000', '右后顶棚扶手总成', '19', '2', '1', '0', '0', '2', '0.00', '0.00', '0.00', '20.00', '0', '0', null, '2017-05-03 15:08:42', null, '2017-05-16 17:16:43', '1'), ('71', '5702700U8710', '23950000', '右前顶棚扶手总成', '19', '2', '1', '0', '0', '3', '0.00', '0.00', '0.00', '20.00', '0', '0', null, '2017-05-03 15:08:42', null, '2017-05-16 17:16:43', '1'), ('72', '5702010U7109', '23850000', '前排顶棚扶手总成', '19', '2', '1', '0', '0', '1', '0.00', '0.00', '0.00', '30.00', '0', '0', null, '2017-05-03 15:08:42', null, '2017-05-16 17:16:43', '1'), ('73', '5702070U7109', '23860000', '左后前排顶棚扶手总成', '19', '2', '1', '0', '0', '3', '0.00', '0.00', '0.00', '20.00', '0', '0', null, '2017-05-03 15:08:42', null, '2017-05-16 17:16:43', '1'), ('74', '5702080U7109', '23870000', '右后前排顶棚扶手总成', '19', '2', '1', '0', '0', '1', '0.00', '0.00', '0.00', '30.00', '0', '0', null, '2017-05-03 15:08:42', null, '2017-05-16 17:16:43', '1'), ('75', '5702010U7154', '20710000', '前排顶棚扶手', '19', '2', '1', '0', '0', '2', '0.00', '0.00', '0.00', '50.00', '0', '0', null, '2017-05-03 15:08:42', null, '2017-05-16 17:16:43', '1'), ('76', '5702070U7154', '20720000', '后排（左）顶棚扶手', '19', '2', '1', '0', '0', '1', '0.00', '0.00', '0.00', '30.00', '0', '0', null, '2017-05-03 15:08:42', null, '2017-05-16 17:16:43', '1'), ('77', '5702080U7154', '20730000', '后排（右）顶棚扶手', '19', '2', '1', '0', '0', '1', '0.00', '0.00', '0.00', '20.00', '0', '0', null, '2017-05-03 15:08:42', null, '2017-05-16 17:16:43', '1'), ('78', '5702010U7150', '20430000', '前排顶棚扶手', '19', '2', '1', '0', '0', '1', '0.00', '0.00', '0.00', '30.00', '0', '0', null, '2017-05-03 15:08:42', null, '2017-05-16 17:16:43', '1'), ('79', '5702070U7150', '20440000', '后排（左）顶棚扶手', '19', '2', '1', '0', '0', '3', '0.00', '0.00', '0.00', '40.00', '0', '0', null, '2017-05-03 15:08:42', null, '2017-05-16 17:16:43', '1'), ('80', '5702080U7150', '20450000', '后排（右）顶棚扶手', '19', '2', '1', '0', '0', '2', '0.00', '0.00', '0.00', '40.00', '0', '0', null, '2017-05-03 15:08:42', null, '2017-05-16 17:16:43', '1'), ('81', '5702010U7165', '22690000', '前排顶棚扶手', '19', '2', '1', '0', '0', '2', '0.00', '0.00', '0.00', '30.00', '0', '0', null, '2017-05-03 15:08:42', null, '2017-05-16 17:16:43', '1'), ('82', '5702010U7166', '22170000', '前排顶棚扶手', '19', '2', '1', '0', '0', '2', '0.00', '0.00', '0.00', '40.00', '0', '0', null, '2017-05-03 15:08:42', null, '2017-05-16 17:16:43', '1'), ('83', '85340-U7010', '22930000', '前顶棚拉手', '19', '2', '1', '0', '0', '2', '0.00', '0.00', '0.00', '50.00', '0', '0', null, '2017-05-03 15:08:42', null, '2017-05-16 17:16:43', '1'), ('84', '5702500U8910', '24540000', '左后顶棚扶手总成', '19', '2', '1', '0', '0', '3', '0.00', '0.00', '0.00', '30.00', '0', '0', null, '2017-05-03 15:08:42', null, '2017-05-16 17:16:43', '1'), ('85', '5702600U8910', '24550000', '右后顶棚扶手总成', '19', '2', '1', '0', '0', '1', '0.00', '0.00', '0.00', '40.00', '0', '0', null, '2017-05-03 15:08:42', null, '2017-05-16 17:16:43', '1'), ('86', '5702700U8910', '24560000', '右前顶棚扶手总成', '19', '2', '1', '0', '0', '2', '0.00', '0.00', '0.00', '30.00', '0', '0', null, '2017-05-03 15:08:42', null, '2017-05-16 17:16:43', '1'), ('87', '5702530-V6500', '25430000', '登车扶手总成（浅灰）', '19', '2', '1', '0', '0', '1', '0.00', '0.00', '0.00', '20.00', '0', '0', null, '2017-05-03 15:08:42', null, '2017-05-16 17:16:43', '1'), ('88', '3900100U1910-Z001', '', '随车工具总成', '14', '2', '1', '0', '0', '2', '0.00', '0.00', '0.00', '30.00', '0', '0', null, '2017-05-03 15:08:42', null, '2017-05-16 17:16:43', '1'), ('89', '3901021U1910', '', 'S2千斤顶压杆', '14', '2', '1', '0', '0', '2', '0.00', '0.00', '0.00', '20.00', '0', '0', null, '2017-05-03 15:08:42', null, '2017-05-16 17:16:43', '1'), ('90', '3901022U1910', '', 'S2备胎压杆', '14', '2', '1', '0', '0', '2', '0.00', '0.00', '0.00', '50.00', '0', '0', null, '2017-05-03 15:08:42', null, '2017-05-16 17:16:43', '1'), ('91', '3900100U1910', '', 'S2剪式千斤顶', '14', '2', '1', '0', '0', '2', '0.00', '0.00', '0.00', '40.00', '0', '0', null, '2017-05-03 15:08:42', null, '2017-05-16 17:16:43', '1'), ('92', '3900210U1910', '', 'S2车轮螺母扳手', '14', '2', '1', '0', '0', '1', '0.00', '0.00', '0.00', '50.00', '0', '0', null, '2017-05-03 15:08:42', null, '2017-05-16 17:16:43', '1'), ('93', '3900901U1910', '', 'S2牵引钩', '14', '2', '1', '0', '0', '2', '0.00', '0.00', '0.00', '20.00', '0', '0', null, '2017-05-03 15:08:42', null, '2017-05-16 17:16:43', '1'), ('94', '7911130U7500', '', '\"静音”降噪模块-江淮定制版', '7', '2', '1', '0', '0', '1', '0.00', '0.00', '0.00', '50.00', '0', '0', null, '2017-05-03 15:08:42', null, '2017-05-16 17:16:43', '1'), ('95', '5704110U1910', '', 'S2左前饰条', '4', '2', '1', '0', '0', '1', '0.00', '0.00', '0.00', '40.00', '0', '0', null, '2017-05-03 15:08:42', null, '2017-05-16 17:16:43', '1'), ('96', '5704120U1910', '', 'S2左车顶中段装饰条', '4', '2', '1', '0', '0', '2', '0.00', '0.00', '0.00', '40.00', '0', '0', null, '2017-05-03 15:08:42', null, '2017-05-16 17:16:43', '1'), ('97', '5704130U1910', '', 'S2左后饰条', '4', '2', '1', '0', '0', '2', '0.00', '0.00', '0.00', '20.00', '0', '0', null, '2017-05-03 15:08:42', null, '2017-05-16 17:16:43', '1'), ('98', '5704210U1910', '', 'S2右前饰条', '4', '2', '1', '0', '0', '1', '0.00', '0.00', '0.00', '30.00', '0', '0', null, '2017-05-03 15:08:42', null, '2017-05-16 17:16:43', '1'), ('99', '5704220U1910', '', 'S2右车顶中段装饰条', '4', '2', '1', '0', '0', '2', '0.00', '0.00', '0.00', '40.00', '0', '0', null, '2017-05-03 15:08:42', null, '2017-05-16 17:16:43', '1'), ('100', '5704230U1910', '', 'S2右后饰条', '4', '2', '1', '0', '0', '1', '0.00', '0.00', '0.00', '40.00', '0', '0', null, '2017-05-03 15:08:42', null, '2017-05-16 17:16:43', '1'), ('101', '5704100U2220', '', 'B-CROSS顶饰条左件', '4', '2', '1', '0', '0', '2', '0.00', '0.00', '0.00', '50.00', '0', '0', null, '2017-05-03 15:08:42', null, '2017-05-16 17:16:43', '1'), ('102', '5704200U2220', '', 'B-CROSS顶饰条右件', '4', '2', '1', '0', '0', '2', '0.00', '0.00', '0.00', '20.00', '0', '0', null, '2017-05-03 15:08:42', null, '2017-05-16 17:16:43', '1');
INSERT INTO `goods` VALUES ('103', '5704100U8710', '', 'A2顶饰条左件', '4', '2', '1', '0', '0', '2', '0.00', '0.00', '0.00', '40.00', '0', '0', null, '2017-05-03 15:08:42', null, '2017-05-16 17:16:43', '1'), ('104', '5704200U8710', '', 'A2顶饰条右件', '4', '2', '1', '0', '0', '2', '0.00', '0.00', '0.00', '40.00', '0', '0', null, '2017-05-03 15:08:42', null, '2017-05-16 17:16:43', '1'), ('105', '5704100U8510', '', 'B2顶饰条左件', '4', '2', '1', '0', '0', '2', '0.00', '0.00', '0.00', '40.00', '0', '0', null, '2017-05-03 15:08:42', null, '2017-05-16 17:16:43', '1'), ('106', '5704200U8510', '', 'B2顶饰条右件', '4', '2', '1', '0', '0', '2', '0.00', '0.00', '0.00', '20.00', '0', '0', null, '2017-05-03 15:08:42', null, '2017-05-16 17:16:43', '1'), ('107', '5704110U7500', '', 'C2左侧顶饰条总成', '4', '2', '1', '0', '0', '2', '0.00', '0.00', '0.00', '40.00', '0', '0', null, '2017-05-03 15:08:42', null, '2017-05-16 17:16:43', '1'), ('108', '5704120U7500', '', 'C2右侧顶饰条总成', '4', '2', '1', '0', '0', '2', '0.00', '0.00', '0.00', '40.00', '0', '0', null, '2017-05-03 15:08:42', null, '2017-05-16 17:16:43', '1'), ('109', '5704100U7101', '', '左侧顶饰条', '4', '2', '1', '0', '0', '2', '0.00', '0.00', '0.00', '50.00', '0', '0', null, '2017-05-03 15:08:42', null, '2017-05-16 17:16:43', '1'), ('110', '5704200U7101', '', '右侧顶饰条', '4', '2', '1', '0', '0', '2', '0.00', '0.00', '0.00', '40.00', '0', '0', null, '2017-05-03 15:08:42', null, '2017-05-16 17:16:43', '1'), ('111', '5704110U7150XA', '', '顶压条', '4', '2', '1', '0', '0', '2', '0.00', '0.00', '0.00', '30.00', '0', '0', null, '2017-05-03 15:08:42', null, '2017-05-16 17:16:43', '1'), ('112', '5704120U7150XA', '', '顶压条', '4', '2', '1', '0', '0', '2', '0.00', '0.00', '0.00', '40.00', '0', '0', null, '2017-05-03 15:08:42', null, '2017-05-16 17:16:43', '1'), ('113', '5704250U2011', '', '左侧后端顶饰条', '4', '2', '1', '0', '0', '2', '0.00', '0.00', '0.00', '30.00', '0', '0', null, '2017-05-03 15:08:42', null, '2017-05-16 17:16:43', '1'), ('114', '5704260U2011', '', '右侧后端顶饰条', '4', '2', '1', '0', '0', '2', '0.00', '0.00', '0.00', '50.00', '0', '0', null, '2017-05-03 15:08:42', null, '2017-05-16 17:16:43', '1'), ('115', '5704170U2011', '', '左侧前端顶饰条', '4', '2', '1', '0', '0', '2', '0.00', '0.00', '0.00', '40.00', '0', '0', null, '2017-05-03 15:08:42', null, '2017-05-16 17:16:43', '1'), ('116', '5704180U2011', '', '右侧前端顶饰条', '4', '2', '1', '0', '0', '1', '0.00', '0.00', '0.00', '30.00', '0', '0', null, '2017-05-03 15:08:42', null, '2017-05-16 17:16:43', '1'), ('117', '5704210U2011', '', '左侧前顶饰条', '4', '2', '1', '0', '0', '2', '0.00', '0.00', '0.00', '30.00', '0', '0', null, '2017-05-03 15:08:42', null, '2017-05-16 17:16:43', '1'), ('118', '5704220U2011', '', '右侧前顶饰条', '4', '2', '1', '0', '0', '1', '0.00', '0.00', '0.00', '30.00', '0', '0', null, '2017-05-03 15:08:42', null, '2017-05-16 17:16:43', '1'), ('119', '5704230U2011', '', '左侧后顶饰条', '4', '2', '1', '0', '0', '2', '0.00', '0.00', '0.00', '50.00', '0', '0', null, '2017-05-03 15:08:42', null, '2017-05-16 17:16:43', '1'), ('120', '5704240U2011', '', '右侧后顶饰条', '4', '2', '1', '0', '0', '2', '0.00', '0.00', '0.00', '30.00', '0', '0', null, '2017-05-03 15:08:42', null, '2017-05-16 17:16:43', '1'), ('121', '5704300U2010', '', '顶压条', '4', '2', '1', '0', '0', '2', '0.00', '0.00', '0.00', '30.00', '0', '0', null, '2017-05-03 15:08:42', null, '2017-05-16 17:16:43', '1'), ('122', '5704400U2010', '', '顶压条', '4', '2', '1', '0', '0', '2', '0.00', '0.00', '0.00', '50.00', '0', '0', null, '2017-05-03 15:08:42', null, '2017-05-16 17:16:43', '1'), ('123', '5704130U1010', '', '顶压条', '4', '2', '1', '0', '0', '2', '0.00', '0.00', '0.00', '20.00', '0', '0', null, '2017-05-03 15:08:42', null, '2017-05-16 17:16:43', '1'), ('124', '5704140U1010', '', '顶压条', '4', '2', '1', '0', '0', '3', '0.00', '0.00', '0.00', '30.00', '0', '0', null, '2017-05-03 15:08:42', null, '2017-05-16 17:16:43', '1'), ('125', '5704210U1010', '', '顶压条', '4', '2', '1', '0', '0', '2', '0.00', '0.00', '0.00', '50.00', '0', '0', null, '2017-05-03 15:08:42', null, '2017-05-16 17:16:43', '1'), ('126', '5704220U1010', '', '顶压条', '4', '2', '1', '0', '0', '2', '0.00', '0.00', '0.00', '30.00', '0', '0', null, '2017-05-03 15:08:42', null, '2017-05-16 17:16:43', '1'), ('127', '5704150U1010A', '', '顶压条', '4', '3', '1', '0', '0', '1', '0.00', '0.00', '0.00', '50.00', '0', '0', null, '2017-05-03 15:08:42', null, '2017-05-16 17:16:43', '1'), ('128', '5704160U1010A', '', '顶压条', '4', '3', '1', '0', '0', '2', '0.00', '0.00', '0.00', '30.00', '0', '0', null, '2017-05-03 15:08:42', null, '2017-05-16 17:16:43', '1'), ('129', '5403100X1100', '', 'iev5左后三角玻璃', '16', '3', '1', '0', '0', '3', '0.00', '0.00', '0.00', '40.00', '0', '0', null, '2017-05-03 15:08:42', null, '2017-05-16 17:16:43', '1'), ('130', '5206100U7500-Z001', '', 'C2前风挡玻璃总成', '16', '3', '1', '0', '0', '1', '0.00', '0.00', '0.00', '30.00', '0', '0', null, '2017-05-03 15:08:42', null, '2017-05-16 17:16:43', '1'), ('131', '5206100U7501', '', 'C2前风档玻璃总成（低配）', '16', '3', '1', '0', '0', '2', '0.00', '0.00', '0.00', '40.00', '0', '0', null, '2017-05-03 15:08:42', null, '2017-05-16 17:16:43', '1'), ('132', '5603100U7500', '', 'C2后挡玻璃', '16', '3', '1', '0', '0', '3', '0.00', '0.00', '0.00', '30.00', '0', '0', null, '2017-05-03 15:08:42', null, '2017-05-16 17:16:43', '1'), ('133', '5403100U7500', '', 'C2左侧围窗总成', '16', '3', '1', '0', '0', '1', '0.00', '0.00', '0.00', '40.00', '0', '0', null, '2017-05-03 15:08:42', null, '2017-05-16 17:16:43', '1'), ('134', '5403200U7500', '', 'C2右侧围窗总成', '16', '3', '1', '0', '0', '3', '0.00', '0.00', '0.00', '50.00', '0', '0', null, '2017-05-03 15:08:42', null, '2017-05-16 17:16:43', '1'), ('135', '6104120U7500', '', 'C2左前玻璃', '16', '3', '1', '0', '0', '2', '0.00', '0.00', '0.00', '30.00', '0', '0', null, '2017-05-03 15:08:42', null, '2017-05-16 17:16:43', '1'), ('136', '6104220U7500', '', 'C2右前玻璃', '16', '3', '1', '0', '0', '2', '0.00', '0.00', '0.00', '30.00', '0', '0', null, '2017-05-03 15:08:42', null, '2017-05-16 17:16:43', '1'), ('137', '6204120U7500', '', 'C2左后玻璃', '16', '3', '1', '0', '0', '2', '0.00', '0.00', '0.00', '20.00', '0', '0', null, '2017-05-03 15:08:42', null, '2017-05-16 17:16:43', '1'), ('138', '6204220U7500', '', 'C2右后玻璃', '16', '3', '1', '0', '0', '1', '0.00', '0.00', '0.00', '40.00', '0', '0', null, '2017-05-03 15:08:42', null, '2017-05-16 17:16:43', '1'), ('139', '6104130V6500', '', 'M4左前门玻璃总成', '16', '3', '1', '0', '0', '2', '0.00', '0.00', '0.00', '40.00', '0', '0', null, '2017-05-03 15:08:42', null, '2017-05-16 17:16:43', '1'), ('140', '6104120E5020', '', 'N334左前门玻璃总成', '16', '3', '1', '0', '0', '1', '0.00', '0.00', '0.00', '30.00', '0', '0', null, '2017-05-03 15:08:42', null, '2017-05-16 17:16:43', '1'), ('141', '6104220E5020', '', 'N334右前门玻璃总成', '16', '3', '1', '0', '0', '2', '0.00', '0.00', '0.00', '50.00', '0', '0', null, '2017-05-03 15:08:42', null, '2017-05-16 17:16:43', '1'), ('142', '1301100U1910-Z001', '', '散热器总成', '5', '3', '1', '0', '0', '2', '0.00', '0.00', '0.00', '20.00', '0', '0', null, '2017-05-03 15:08:42', null, '2017-05-16 17:16:43', '1'), ('143', '1308100U8010', '', '散热器风机', '5', '3', '1', '0', '0', '1', '0.00', '0.00', '0.00', '40.00', '0', '0', null, '2017-05-03 15:08:42', null, '2017-05-16 17:16:43', '1'), ('144', '2109100X1100Z', '', '散热器总成', '5', '3', '1', '0', '0', '1', '0.00', '0.00', '0.00', '30.00', '0', '0', null, '2017-05-03 15:08:42', null, '2017-05-16 17:16:43', '1'), ('145', '1308100U8510', '', 'A30散热器总成', '5', '3', '1', '0', '0', '1', '0.00', '0.00', '0.00', '30.00', '0', '0', null, '2017-05-03 15:08:42', null, '2017-05-16 17:16:43', '1'), ('146', '1308100U8730', '', '风扇', '5', '3', '1', '0', '0', '3', '0.00', '0.00', '0.00', '30.00', '0', '0', null, '2017-05-03 15:08:42', null, '2017-05-16 17:16:43', '1'), ('147', '1301100U6500Z', '', '散热器模块总成', '5', '3', '1', '0', '0', '1', '0.00', '0.00', '0.00', '30.00', '0', '0', null, '2017-05-03 15:08:42', null, '2017-05-16 17:16:43', '1'), ('148', '1301100U6500', '', '散热器总成', '5', '3', '1', '0', '0', '2', '0.00', '0.00', '0.00', '40.00', '0', '0', null, '2017-05-03 15:08:42', null, '2017-05-16 17:16:43', '1'), ('149', '1308100U6500', '', '风扇总成', '5', '3', '1', '0', '0', '2', '0.00', '0.00', '0.00', '20.00', '0', '0', null, '2017-05-03 15:08:42', null, '2017-05-16 17:16:43', '1'), ('150', '2109410X1100', '', '冷却泵', '10', '3', '1', '0', '0', '1', '0.00', '0.00', '0.00', '30.00', '0', '0', null, '2017-05-03 15:08:42', null, '2017-05-16 17:16:43', '1'), ('151', '5820010U2211XZ', '', '驾驶员安全气囊总成DAB', '22', '3', '1', '0', '0', '2', '0.00', '0.00', '0.00', '40.00', '0', '0', null, '2017-05-03 15:08:42', null, '2017-05-16 17:16:43', '1'), ('152', '5820020U2210XZ', '', '副驾驶安全气囊总成PAB', '22', '3', '1', '0', '0', '2', '0.00', '0.00', '0.00', '50.00', '0', '0', null, '2017-05-03 15:08:42', null, '2017-05-16 17:16:43', '1'), ('153', '5824901U2210XZ', '', '安全气囊控制器ECU', '22', '3', '1', '0', '0', '1', '0.00', '0.00', '0.00', '40.00', '0', '0', null, '2017-05-03 15:08:42', null, '2017-05-16 17:16:43', '1'), ('154', '3402300X4100-Z001', '', '6S方向盘总成', '22', '3', '1', '0', '0', '1', '0.00', '0.00', '0.00', '30.00', '0', '0', null, '2017-05-03 15:08:42', null, '2017-05-16 17:16:43', '1'), ('155', '5820010U8910XZ', '', '6S驾驶员安全气囊', '22', '3', '1', '0', '0', '3', '0.00', '0.00', '0.00', '30.00', '0', '0', null, '2017-05-03 15:08:42', null, '2017-05-16 17:16:43', '1'), ('156', '5522300U221G-A011', '', '左前门裙边总成', '6', '3', '1', '0', '0', '1', '0.00', '0.00', '0.00', '30.00', '0', '0', null, '2017-05-03 15:08:42', null, '2017-05-16 17:16:43', '1'), ('157', '5522400U221G-A011', '', '右前门裙边总成', '6', '3', '1', '0', '0', '1', '0.00', '0.00', '0.00', '50.00', '0', '0', null, '2017-05-03 15:08:42', null, '2017-05-16 17:16:43', '1'), ('158', '5522500U221G-A011', '', '左后门裙边总成', '6', '3', '1', '0', '0', '1', '0.00', '0.00', '0.00', '40.00', '0', '0', null, '2017-05-03 15:08:42', null, '2017-05-16 17:16:43', '1'), ('159', '5522600U221G-A011', '', '右后门裙边总成', '6', '3', '1', '0', '0', '1', '0.00', '0.00', '0.00', '30.00', '0', '0', null, '2017-05-03 15:08:42', null, '2017-05-16 17:16:43', '1'), ('160', '5703100U8513', '471000-10670', 'B2天窗总成', '18', '3', '1', '0', '0', '3', '0.00', '0.00', '0.00', '30.00', '0', '0', null, '2017-05-03 15:08:42', null, '2017-05-16 17:16:43', '1'), ('161', '5703100U7502', '471000-11010-1R2', 'C2灰天窗总成', '18', '3', '1', '0', '0', '2', '0.00', '0.00', '0.00', '30.00', '0', '0', null, '2017-05-03 15:08:42', null, '2017-05-16 17:16:43', '1'), ('162', '5703100U2214', '471000-10890', 'S3天窗总成', '18', '3', '1', '0', '0', '2', '0.00', '0.00', '0.00', '20.00', '0', '0', null, '2017-05-03 15:08:42', null, '2017-05-16 17:16:43', '1'), ('163', '5703100U2214-02', '473010-12040', 'S3天窗玻璃', '18', '3', '1', '0', '0', '3', '0.00', '0.00', '0.00', '40.00', '0', '0', null, '2017-05-03 15:08:42', null, '2017-05-16 17:16:43', '1'), ('164', '5703100U2214-03', '471010-13030', 'S3天窗框架', '18', '3', '1', '0', '0', '2', '0.00', '0.00', '0.00', '50.00', '0', '0', null, '2017-05-03 15:08:42', null, '2017-05-16 17:16:43', '1'), ('165', '5703100U1512', '471000-10711', 'S5天窗总成', '18', '3', '1', '0', '0', '3', '0.00', '0.00', '0.00', '40.00', '0', '0', null, '2017-05-03 15:08:42', null, '2017-05-16 17:16:43', '1'), ('166', '5703100U1512-01', '471071-11980', 'S5天窗马达', '18', '3', '1', '0', '0', '2', '0.00', '0.00', '0.00', '30.00', '0', '0', '0', '2017-05-03 15:08:42', '1', '2017-05-16 17:16:43', '1'), ('167', '5703100U1512-02', '473010-11680', 'S5天窗玻璃', '18', '3', '1', '0', '0', '2', '0.00', '0.00', '0.00', '30.00', '0', '0', null, '2017-05-03 15:08:42', null, '2017-05-16 17:16:43', '1'), ('168', '5703100U1512-06', '471017-11371', 'S5天窗框架', '18', '3', '1', '0', '0', '1', '0.00', '0.00', '0.00', '40.00', '0', '0', null, '2017-05-03 15:08:42', null, '2017-05-16 17:16:43', '1'), ('169', '5703100U1512-04 ', '471182-10020-A', 'S5马达固定螺丝', '18', '3', '1', '0', '0', '2', '0.00', '0.00', '0.00', '30.00', '0', '0', null, '2017-05-03 15:08:42', null, '2017-05-16 17:16:43', '1'), ('170', '5703100U1512-05', '87940-99477-C', 'S5玻璃固定螺丝', '18', '3', '1', '0', '0', '2', '0.00', '0.00', '0.00', '50.00', '0', '0', null, '2017-05-03 15:08:42', null, '2017-05-16 17:16:43', '1'), ('171', '5703100U1512-KD', '471000-11321', 'S5-KD天窗总成', '18', '3', '1', '0', '0', '2', '0.00', '0.00', '0.00', '40.00', '0', '0', null, '2017-05-03 15:08:42', null, '2017-05-16 17:16:43', '1'), ('172', '5703200U1512', 'C-473018-10070', 'S5防夹手饰盖L', '18', '3', '1', '0', '0', '1', '0.00', '0.00', '0.00', '20.00', '0', '0', null, '2017-05-03 15:08:42', null, '2017-05-16 17:16:43', '1'), ('173', '5703300U1512', 'C-473017-10100', 'S5防夹手饰盖R', '18', '3', '1', '0', '0', '2', '0.00', '0.00', '0.00', '30.00', '0', '0', null, '2017-05-03 15:08:42', null, '2017-05-16 17:16:43', '1'), ('174', '5703100U1521', '471000-10751', 'S5-P天窗总成', '18', '3', '1', '0', '0', '2', '0.00', '0.00', '0.00', '20.00', '0', '0', null, '2017-05-03 15:08:42', null, '2017-05-16 17:16:43', '1'), ('175', '5703110U1521', '471010-12800', 'S5全景框架 ', '18', '3', '1', '0', '0', '1', '0.00', '0.00', '0.00', '40.00', '0', '0', null, '2017-05-03 15:08:42', null, '2017-05-16 17:16:43', '1'), ('176', '5703200U1521', '471662-10830', 'S5-P左前支架', '18', '3', '1', '0', '0', '2', '0.00', '0.00', '0.00', '20.00', '0', '0', null, '2017-05-03 15:08:42', null, '2017-05-16 17:16:43', '1'), ('177', '5703300U1521', '471661-11030', 'S5-P右前支架', '18', '3', '1', '0', '0', '3', '0.00', '0.00', '0.00', '40.00', '0', '0', null, '2017-05-03 15:08:42', null, '2017-05-16 17:16:43', '1'), ('178', '5703400U1521', '471664-10410', 'S5-P左后支架', '18', '3', '1', '0', '0', '3', '0.00', '0.00', '0.00', '50.00', '0', '0', null, '2017-05-03 15:08:42', null, '2017-05-16 17:16:43', '1'), ('179', '5703500U1521', '471663-10670', 'S5-P右后支架', '18', '3', '1', '0', '0', '2', '0.00', '0.00', '0.00', '30.00', '0', '0', null, '2017-05-03 15:08:42', null, '2017-05-16 17:16:43', '1'), ('180', '471661-11010', '', '装车支架', '18', '3', '1', '0', '0', '3', '0.00', '0.00', '0.00', '20.00', '0', '0', null, '2017-05-03 15:08:42', null, '2017-05-16 17:16:43', '1'), ('181', '90029-01006', '', '螺栓', '18', '3', '1', '0', '0', '2', '0.00', '0.00', '0.00', '40.00', '0', '0', null, '2017-05-03 15:08:42', null, '2017-05-16 17:16:43', '1'), ('182', '2105100X1020', '', 'IEV4高压接线盒', '15', '3', '1', '0', '0', '2', '0.00', '0.00', '0.00', '50.00', '0', '0', null, '2017-05-03 15:08:42', null, '2017-05-16 17:16:43', '1'), ('183', '2105200X1020', '', 'IEV4高压配电电缆', '15', '3', '1', '0', '0', '2', '0.00', '0.00', '0.00', '30.00', '0', '0', null, '2017-05-03 15:08:42', null, '2017-05-16 17:16:43', '1'), ('184', '2105300X1020', '', 'IEV4高压主电缆', '15', '3', '1', '0', '0', '3', '0.00', '0.00', '0.00', '40.00', '0', '0', null, '2017-05-03 15:08:42', null, '2017-05-16 17:16:43', '1'), ('185', '2105100X1100', '', 'IEV5高压主电缆', '15', '3', '1', '0', '0', '2', '0.00', '0.00', '0.00', '40.00', '0', '0', null, '2017-05-03 15:08:42', null, '2017-05-16 17:16:43', '1'), ('186', '2105200X1100', '', 'IEV5高压配电电缆', '15', '3', '1', '0', '0', '2', '0.00', '0.00', '0.00', '40.00', '0', '0', null, '2017-05-03 15:08:42', null, '2017-05-16 17:16:43', '1'), ('187', '2104100X1100', '', 'IEV5高压接线盒', '15', '4', '1', '0', '0', '3', '0.00', '0.00', '0.00', '20.00', '0', '0', null, '2017-05-03 15:08:42', null, '2017-05-16 17:16:43', '1'), ('188', '2104100X4100', '', '6S高压接线盒', '15', '4', '1', '0', '0', '1', '0.00', '0.00', '0.00', '50.00', '0', '0', null, '2017-05-03 15:08:42', null, '2017-05-16 17:16:43', '1'), ('189', '2105100X4100', '', '6S高压主电缆', '15', '4', '1', '0', '0', '3', '0.00', '0.00', '0.00', '40.00', '0', '0', null, '2017-05-03 15:08:42', null, '2017-05-16 17:16:43', '1'), ('190', '4001100U2218', '33166254', '前保险杠线束总成', '24', '4', '1', '0', '0', '1', '0.00', '0.00', '0.00', '20.00', '0', '0', null, '2017-05-03 15:08:42', null, '2017-05-16 17:16:43', '1'), ('191', '3603030u2218', '33166256', '倒车雷达线束总成', '24', '4', '1', '0', '0', '2', '0.00', '0.00', '0.00', '50.00', '0', '0', null, '2017-05-03 15:08:42', null, '2017-05-16 17:16:43', '1'), ('192', '3603030U221G', '33265580', '倒车雷达线束总成', '24', '4', '1', '0', '0', '2', '0.00', '0.00', '0.00', '20.00', '0', '0', null, '2017-05-03 15:08:42', null, '2017-05-16 17:16:43', '1'), ('193', '3603030U221H', '33265579', '倒车雷达线束总成', '24', '4', '1', '0', '0', '3', '0.00', '0.00', '0.00', '30.00', '0', '0', null, '2017-05-03 15:08:42', null, '2017-05-16 17:16:43', '1'), ('194', '4012010u2219', '33171081', '顶棚线束总成', '24', '4', '1', '0', '0', '3', '0.00', '0.00', '0.00', '20.00', '0', '0', null, '2017-05-03 15:08:42', null, '2017-05-16 17:16:43', '1'), ('195', '4012010u2218', '33171080', '顶棚', '24', '4', '1', '0', '0', '3', '0.00', '0.00', '0.00', '30.00', '0', '0', null, '2017-05-03 15:08:42', null, '2017-05-16 17:16:43', '1'), ('196', '4012010u2222', '33171082', '顶棚线束总成', '24', '4', '1', '0', '0', '3', '0.00', '0.00', '0.00', '40.00', '0', '0', null, '2017-05-03 15:08:42', null, '2017-05-16 17:16:43', '1'), ('197', '4012010U221F', '33216298', '顶棚线束总成', '24', '4', '1', '0', '0', '2', '0.00', '0.00', '0.00', '50.00', '0', '0', null, '2017-05-03 15:08:42', null, '2017-05-16 17:16:43', '1'), ('198', '4012010U221G', '33265578', '顶棚线束总成', '24', '4', '1', '0', '0', '3', '0.00', '0.00', '0.00', '40.00', '0', '0', null, '2017-05-03 15:08:42', null, '2017-05-16 17:16:43', '1'), ('199', '4012010U221GXZ', '33277719', '顶棚线束总成', '24', '4', '1', '0', '0', '2', '0.00', '0.00', '0.00', '20.00', '0', '0', null, '2017-05-03 15:08:42', null, '2017-05-16 17:16:43', '1'), ('200', '4001040u2218', '33171092', '电源线束', '24', '4', '1', '0', '0', '1', '0.00', '0.00', '0.00', '40.00', '0', '0', null, '2017-05-03 15:08:42', null, '2017-05-16 17:16:43', '1'), ('201', '4001040u2238', '33171093', '电源线束', '24', '4', '1', '0', '0', '3', '0.00', '0.00', '0.00', '50.00', '0', '0', null, '2017-05-03 15:08:42', null, '2017-05-16 17:16:43', '1'), ('202', '4001060u2218', '33171094', '蓄电池', '24', '4', '1', '0', '0', '2', '0.00', '0.00', '0.00', '40.00', '0', '0', null, '2017-05-03 15:08:42', null, '2017-05-16 17:16:43', '1');
INSERT INTO `goods` VALUES ('203', '4012050u2218', '33171089', '后门', '24', '4', '1', '0', '0', '2', '0.00', '0.00', '0.00', '40.00', '0', '0', null, '2017-05-03 15:08:42', null, '2017-05-16 17:16:43', '1'), ('204', '4012030u2219', '33171085', '左前门', '24', '4', '1', '0', '0', '3', '0.00', '0.00', '0.00', '30.00', '0', '0', null, '2017-05-03 15:08:42', null, '2017-05-16 17:16:43', '1'), ('205', '4012040u2219', '33171088', '右前门', '24', '4', '1', '0', '0', '1', '0.00', '0.00', '0.00', '30.00', '0', '0', null, '2017-05-03 15:08:42', null, '2017-05-16 17:16:43', '1'), ('206', '4012030u2218', '33171084', '左前门', '24', '4', '1', '0', '0', '1', '0.00', '0.00', '0.00', '50.00', '0', '0', null, '2017-05-03 15:08:42', null, '2017-05-16 17:16:43', '1'), ('207', '4012040u2218', '33171087', '右前门', '24', '4', '1', '0', '0', '2', '0.00', '0.00', '0.00', '20.00', '0', '0', null, '2017-05-03 15:08:42', null, '2017-05-16 17:16:43', '1'), ('208', '4013010u2218', '33171091', '尾门', '24', '4', '1', '0', '0', '2', '0.00', '0.00', '0.00', '30.00', '0', '0', null, '2017-05-03 15:08:42', null, '2017-05-16 17:16:43', '1'), ('209', '4013010U221F', '33216299', '尾门线束总成', '24', '4', '1', '0', '0', '2', '0.00', '0.00', '0.00', '40.00', '0', '0', null, '2017-05-03 15:08:42', null, '2017-05-16 17:16:43', '1'), ('210', '4001010u2219', '33171045', '发动机线束总成', '24', '4', '1', '0', '0', '2', '0.00', '0.00', '0.00', '20.00', '0', '0', null, '2017-05-03 15:08:42', null, '2017-05-16 17:16:43', '1'), ('211', '4001010u2218', '33171039', '发动机', '24', '4', '1', '0', '0', '3', '0.00', '0.00', '0.00', '40.00', '0', '0', null, '2017-05-03 15:08:42', null, '2017-05-16 17:16:43', '1'), ('212', '4001010u2238', '33171047', '发动机', '24', '4', '1', '0', '0', '3', '0.00', '0.00', '0.00', '30.00', '0', '0', null, '2017-05-03 15:08:42', null, '2017-05-16 17:16:43', '1'), ('213', '4001010u2239', '33171048', '发动机', '24', '4', '1', '0', '0', '3', '0.00', '0.00', '0.00', '30.00', '0', '0', null, '2017-05-03 15:08:42', null, '2017-05-16 17:16:43', '1'), ('214', '4002100u2218', '33171050', '车身', '24', '4', '1', '0', '0', '2', '0.00', '0.00', '0.00', '40.00', '0', '0', null, '2017-05-03 15:08:42', null, '2017-05-16 17:16:43', '1'), ('215', '4002100u2219', '33171051', '车身线束总成', '24', '4', '1', '0', '0', '2', '0.00', '0.00', '0.00', '50.00', '0', '0', null, '2017-05-03 15:08:42', null, '2017-05-16 17:16:43', '1'), ('216', '4002100u2238', '33171054', '车身', '24', '4', '1', '0', '0', '1', '0.00', '0.00', '0.00', '50.00', '0', '0', null, '2017-05-03 15:08:42', null, '2017-05-16 17:16:43', '1'), ('217', '4002100u2239', '33171055', '车身', '24', '4', '1', '0', '0', '2', '0.00', '0.00', '0.00', '20.00', '0', '0', null, '2017-05-03 15:08:42', null, '2017-05-16 17:16:43', '1'), ('218', '4002100u2223', '33171052', '车身线束', '24', '4', '1', '0', '0', '1', '0.00', '0.00', '0.00', '30.00', '0', '0', null, '2017-05-03 15:08:42', null, '2017-05-16 17:16:43', '1'), ('219', '4002100u2227', '33171056', '车身线束', '24', '4', '1', '0', '0', '3', '0.00', '0.00', '0.00', '40.00', '0', '0', null, '2017-05-03 15:08:42', null, '2017-05-16 17:16:43', '1'), ('220', '4002100U221F', '33216294', '车身线束总成', '24', '4', '1', '0', '0', '2', '0.00', '0.00', '0.00', '40.00', '0', '0', null, '2017-05-03 15:08:42', null, '2017-05-16 17:16:43', '1'), ('221', '4002100U221FXZ', '33277715', '车身线束总成', '24', '4', '1', '0', '0', '3', '0.00', '0.00', '0.00', '50.00', '0', '0', null, '2017-05-03 15:08:42', null, '2017-05-16 17:16:43', '1'), ('222', '4002100U223F', '33216295', '车身线束总成', '24', '4', '1', '0', '0', '1', '0.00', '0.00', '0.00', '30.00', '0', '0', null, '2017-05-03 15:08:42', null, '2017-05-16 17:16:43', '1'), ('223', '4002100U223FXZ', '33277716', '车身线束总成', '24', '4', '1', '0', '0', '2', '0.00', '0.00', '0.00', '20.00', '0', '0', null, '2017-05-03 15:08:43', null, '2017-05-16 17:16:43', '1'), ('224', '4005100u2218', '33171077', '安全气囊线束总成', '24', '4', '1', '0', '0', '3', '0.00', '0.00', '0.00', '40.00', '0', '0', null, '2017-05-03 15:08:43', null, '2017-05-16 17:16:43', '1'), ('225', '4003100u2218', '33171070', '主线束总成', '24', '4', '1', '0', '0', '2', '0.00', '0.00', '0.00', '40.00', '0', '0', null, '2017-05-03 15:08:43', null, '2017-05-16 17:16:43', '1'), ('226', '4003100u2219', '33171071', '主线束总成', '24', '4', '1', '0', '0', '3', '0.00', '0.00', '0.00', '50.00', '0', '0', null, '2017-05-03 15:08:43', null, '2017-05-16 17:16:43', '1'), ('227', '4003100u2238', '33171074', '主线束', '24', '4', '1', '0', '0', '3', '0.00', '0.00', '0.00', '30.00', '0', '0', null, '2017-05-03 15:08:43', null, '2017-05-16 17:16:43', '1'), ('228', '4003100u2239', '33171075', '主线束', '24', '4', '1', '0', '0', '2', '0.00', '0.00', '0.00', '30.00', '0', '0', null, '2017-05-03 15:08:43', null, '2017-05-16 17:16:43', '1'), ('229', '4003100u2223', '33171072', '主线束', '24', '4', '1', '0', '0', '1', '0.00', '0.00', '0.00', '50.00', '0', '0', null, '2017-05-03 15:08:43', null, '2017-05-16 17:16:43', '1'), ('230', '4003100u2227', '33171076', '主线束', '24', '4', '1', '0', '0', '1', '0.00', '0.00', '0.00', '30.00', '0', '0', null, '2017-05-03 15:08:43', null, '2017-05-16 17:16:43', '1'), ('231', '4003100U221F', '33216296', '主线束总成', '24', '4', '1', '0', '0', '2', '0.00', '0.00', '0.00', '30.00', '0', '0', null, '2017-05-03 15:08:43', null, '2017-05-16 17:16:43', '1'), ('232', '4003100U223F', '33216297', '主线束总成', '24', '4', '1', '0', '0', '2', '0.00', '0.00', '0.00', '30.00', '0', '0', null, '2017-05-03 15:08:43', null, '2017-05-16 17:16:43', '1'), ('233', '4003100U221FXZ', '33277717', '主线束总成', '24', '4', '1', '0', '0', '3', '0.00', '0.00', '0.00', '30.00', '0', '0', null, '2017-05-03 15:08:43', null, '2017-05-16 17:16:43', '1'), ('234', '4003100U223FXZ', '33277718', '主线束总成', '24', '4', '1', '0', '0', '2', '0.00', '0.00', '0.00', '30.00', '0', '0', null, '2017-05-03 15:08:43', null, '2017-05-16 17:16:43', '1'), ('235', '4005100u2223', '33171078', '安全气囊线束', '24', '4', '1', '0', '0', '3', '0.00', '0.00', '0.00', '20.00', '0', '0', null, '2017-05-03 15:08:43', null, '2017-05-16 17:16:43', '1'), ('236', '4005200u2223', '33177114', '安全气囊侧气帘线束', '24', '4', '1', '0', '0', '2', '0.00', '0.00', '0.00', '50.00', '0', '0', null, '2017-05-03 15:08:43', null, '2017-05-16 17:16:43', '1'), ('237', '4001030U2218', '15545121', '中央接线盒上盖总成', '24', '4', '1', '0', '0', '2', '0.00', '0.00', '0.00', '30.00', '0', '0', null, '2017-05-03 15:08:43', null, '2017-05-16 17:16:43', '1'), ('238', '4001040u2212', '33111976', '电源线束总成', '24', '4', '1', '0', '0', '1', '0.00', '0.00', '0.00', '40.00', '0', '0', null, '2017-05-03 15:08:43', null, '2017-05-16 17:16:43', '1'), ('239', '4005100u2212', '33111968', '安全气囊线束总成', '24', '4', '1', '0', '0', '2', '0.00', '0.00', '0.00', '40.00', '0', '0', null, '2017-05-03 15:08:43', null, '2017-05-16 17:16:43', '1'), ('240', '4013010u2212', '33103187', '尾门线束总成', '24', '4', '1', '0', '0', '2', '0.00', '0.00', '0.00', '30.00', '0', '0', null, '2017-05-03 15:08:43', null, '2017-05-16 17:16:43', '1'), ('241', '4012010U8510', '15508109', '顶棚线束总成', '24', '4', '1', '0', '0', '2', '0.00', '0.00', '0.00', '30.00', '0', '0', null, '2017-05-03 15:08:43', null, '2017-05-16 17:16:43', '1'), ('242', '4001040U8510', '15508036', '电源线束总成', '24', '4', '1', '0', '0', '2', '0.00', '0.00', '0.00', '40.00', '0', '0', null, '2017-05-03 15:08:43', null, '2017-05-16 17:16:43', '1'), ('243', '4001901U8510', '15508133', '发动机线束保护盒', '24', '4', '1', '0', '0', '1', '0.00', '0.00', '0.00', '20.00', '0', '0', null, '2017-05-03 15:08:43', null, '2017-05-16 17:16:43', '1'), ('244', '4001060U8510', '15508039', '蓄电池负极线总成', '24', '4', '1', '0', '0', '2', '0.00', '0.00', '0.00', '30.00', '0', '0', null, '2017-05-03 15:08:43', null, '2017-05-16 17:16:43', '1'), ('245', '4002100U8514', '15539507', '车身线束总成', '24', '4', '1', '0', '0', '1', '0.00', '0.00', '0.00', '40.00', '0', '0', null, '2017-05-03 15:08:43', null, '2017-05-16 17:16:43', '1'), ('246', '4002300U8510', '15508132', '除霜负极线总成', '24', '4', '1', '0', '0', '3', '0.00', '0.00', '0.00', '20.00', '0', '0', null, '2017-05-03 15:08:43', null, '2017-05-16 17:16:43', '1'), ('247', '4005100U8510', '15508116', '安全气囊线束总成', '24', '5', '1', '0', '0', '2', '0.00', '0.00', '0.00', '30.00', '0', '0', null, '2017-05-03 15:08:43', null, '2017-05-16 17:16:43', '1'), ('248', '4012030U8513', '15508125', '左前门线束总成', '24', '5', '1', '0', '0', '2', '0.00', '0.00', '0.00', '40.00', '0', '0', null, '2017-05-03 15:08:43', null, '2017-05-16 17:16:43', '1'), ('249', '4012040U8513', '15508129', '右前门线束总成', '24', '5', '1', '0', '0', '1', '0.00', '0.00', '0.00', '50.00', '0', '0', null, '2017-05-03 15:08:43', null, '2017-05-16 17:16:43', '1'), ('250', '4012050U8510', '15508130', '后门线束总成', '24', '5', '1', '0', '0', '2', '0.00', '0.00', '0.00', '40.00', '0', '0', null, '2017-05-03 15:08:43', null, '2017-05-16 17:16:43', '1'), ('251', '4012030U8510', '15508124', '左前门线束总成', '24', '5', '1', '0', '0', '1', '0.00', '0.00', '0.00', '50.00', '0', '0', null, '2017-05-03 15:08:43', null, '2017-05-16 17:16:43', '1'), ('252', '4002100U8512', '15508041', '车身线束总成', '24', '5', '1', '0', '0', '1', '0.00', '0.00', '0.00', '30.00', '0', '0', null, '2017-05-03 15:08:43', null, '2017-05-16 17:16:43', '1'), ('253', '4003100U8512', '15508103', '主线束总成', '24', '5', '1', '0', '0', '1', '0.00', '0.00', '0.00', '30.00', '0', '0', null, '2017-05-03 15:08:43', null, '2017-05-16 17:16:43', '1'), ('254', '4005100U8512', '15508114', '安全气囊线束总成', '24', '5', '1', '0', '0', '2', '0.00', '0.00', '0.00', '40.00', '0', '0', null, '2017-05-03 15:08:43', null, '2017-05-16 17:16:43', '1'), ('255', '4012010U8512', '15508108', '顶棚线束总成', '24', '5', '1', '0', '0', '2', '0.00', '0.00', '0.00', '30.00', '0', '0', null, '2017-05-03 15:08:43', null, '2017-05-16 17:16:43', '1'), ('256', '4012030U8512', '15508122', '左前门线束总成', '24', '5', '1', '0', '0', '2', '0.00', '0.00', '0.00', '40.00', '0', '0', null, '2017-05-03 15:08:43', null, '2017-05-16 17:16:43', '1'), ('257', '4012040U8512', '15508127', '右前门线束总成', '24', '5', '1', '0', '0', '2', '0.00', '0.00', '0.00', '50.00', '0', '0', null, '2017-05-03 15:08:43', null, '2017-05-16 17:16:43', '1'), ('258', '4001010u8525', '15542631', '发动机线束总成 ', '24', '5', '1', '0', '0', '2', '0.00', '0.00', '0.00', '40.00', '0', '0', null, '2017-05-03 15:08:43', null, '2017-05-16 17:16:43', '1'), ('259', '4001040u8520', '15508038', '电源线束总成', '24', '5', '1', '0', '0', '2', '0.00', '0.00', '0.00', '40.00', '0', '0', null, '2017-05-03 15:08:43', null, '2017-05-16 17:16:43', '1'), ('260', '4002100u8523', '15543922', '车身线束总成', '24', '5', '1', '0', '0', '2', '0.00', '0.00', '0.00', '30.00', '0', '0', null, '2017-05-03 15:08:43', null, '2017-05-16 17:16:43', '1'), ('261', '4003100u8523', '15543923', '主线束总成', '24', '5', '1', '0', '0', '3', '0.00', '0.00', '0.00', '40.00', '0', '0', null, '2017-05-03 15:08:43', null, '2017-05-16 17:16:43', '1'), ('262', '4003100u8525', '15542633', '主线束总成', '24', '5', '1', '0', '0', '3', '0.00', '0.00', '0.00', '40.00', '0', '0', null, '2017-05-03 15:08:43', null, '2017-05-16 17:16:43', '1'), ('263', '4012040u8510', '15508128', '右前门线束总成', '24', '5', '1', '0', '0', '2', '0.00', '0.00', '0.00', '40.00', '0', '0', null, '2017-05-03 15:08:43', null, '2017-05-16 17:16:43', '1'), ('264', '4001030U8510', '33126755', '中央接线盒上盖总成', '24', '5', '1', '0', '0', '1', '0.00', '0.00', '0.00', '40.00', '0', '0', null, '2017-05-03 15:08:43', null, '2017-05-16 17:16:43', '1'), ('265', '4001010u8524', '15544320', '发动机线束总成', '24', '5', '1', '0', '0', '3', '0.00', '0.00', '0.00', '40.00', '0', '0', null, '2017-05-03 15:08:43', null, '2017-05-16 17:16:43', '1'), ('266', '4002100u8524', '15544321', '车身线束总成 ', '24', '5', '1', '0', '0', '2', '0.00', '0.00', '0.00', '30.00', '0', '0', null, '2017-05-03 15:08:43', null, '2017-05-16 17:16:43', '1'), ('267', '4003100u8524', '15544322', '主线束总成  ', '24', '5', '1', '0', '0', '3', '0.00', '0.00', '0.00', '40.00', '0', '0', null, '2017-05-03 15:08:43', null, '2017-05-16 17:16:43', '1'), ('268', '4001010u8515', '33127045', '发动机线束总成', '24', '5', '1', '0', '0', '3', '0.00', '0.00', '0.00', '30.00', '0', '0', null, '2017-05-03 15:08:43', null, '2017-05-16 17:16:43', '1'), ('269', '4005100u8513', '15508118', '安全气囊线束总成 ', '24', '5', '1', '0', '0', '1', '0.00', '0.00', '0.00', '40.00', '0', '0', null, '2017-05-03 15:08:43', null, '2017-05-16 17:16:43', '1'), ('270', '4002100u8515', '33127046', '车身线束总成 ', '24', '5', '1', '0', '0', '2', '0.00', '0.00', '0.00', '50.00', '0', '0', null, '2017-05-03 15:08:43', null, '2017-05-16 17:16:43', '1'), ('271', '4003100u8515', '33127047', '主线束总成  ', '24', '5', '1', '0', '0', '2', '0.00', '0.00', '0.00', '30.00', '0', '0', null, '2017-05-03 15:08:43', null, '2017-05-16 17:16:43', '1'), ('272', '4001010u8510XZ', '33120391', '发动机线束总成 ', '24', '5', '1', '0', '0', '2', '0.00', '0.00', '0.00', '30.00', '0', '0', null, '2017-05-03 15:08:43', null, '2017-05-16 17:16:43', '1'), ('273', '4003100U8512XZ', '33131171', '主线束总成', '24', '5', '1', '0', '0', '2', '0.00', '0.00', '0.00', '40.00', '0', '0', null, '2017-05-03 15:08:43', null, '2017-05-16 17:16:43', '1'), ('274', '4003100U8514XZ', '33120390', '主线束总成', '24', '5', '1', '0', '0', '3', '0.00', '0.00', '0.00', '20.00', '0', '0', null, '2017-05-03 15:08:43', null, '2017-05-16 17:16:43', '1'), ('275', '4005200u8513', '33147977', '安全气囊线束总成 ', '24', '5', '1', '0', '0', '1', '0.00', '0.00', '0.00', '40.00', '0', '0', null, '2017-05-03 15:08:43', null, '2017-05-16 17:16:43', '1'), ('276', '3603030U7500', '33142354', '倒车雷达线束总成', '24', '5', '1', '0', '0', '2', '0.00', '0.00', '0.00', '30.00', '0', '0', null, '2017-05-03 15:08:43', null, '2017-05-16 17:16:43', '1'), ('277', '4001050U7500', '33140089', '蓄电池正极线束总成', '24', '5', '1', '0', '0', '3', '0.00', '0.00', '0.00', '30.00', '0', '0', null, '2017-05-03 15:08:43', null, '2017-05-16 17:16:43', '1'), ('278', '4001060U7500', '33140090', '蓄电池负极线束总成', '24', '5', '1', '0', '0', '2', '0.00', '0.00', '0.00', '30.00', '0', '0', null, '2017-05-03 15:08:43', null, '2017-05-16 17:16:43', '1'), ('279', '4001080U7500', '33142352', '发动机搭铁线束总成', '24', '5', '1', '0', '0', '3', '0.00', '0.00', '0.00', '40.00', '0', '0', null, '2017-05-03 15:08:43', null, '2017-05-16 17:16:43', '1'), ('280', '4001090U7500', '33148191', '变速箱搭铁线束总成', '24', '5', '1', '0', '0', '3', '0.00', '0.00', '0.00', '30.00', '0', '0', null, '2017-05-03 15:08:43', null, '2017-05-16 17:16:43', '1'), ('281', '4003100U7500', '33140083', '主线束总成', '24', '5', '1', '0', '0', '3', '0.00', '0.00', '0.00', '20.00', '0', '0', null, '2017-05-03 15:08:43', null, '2017-05-16 17:16:43', '1'), ('282', '4003100U7501', '33209231', '主线束总成', '24', '5', '1', '0', '0', '1', '0.00', '0.00', '0.00', '30.00', '0', '0', null, '2017-05-03 15:08:43', null, '2017-05-16 17:16:43', '1'), ('283', '4003600U7500', '33142348', '副仪表台线束总成', '24', '5', '1', '0', '0', '2', '0.00', '0.00', '0.00', '40.00', '0', '0', null, '2017-05-03 15:08:43', null, '2017-05-16 17:16:43', '1'), ('284', '4002100U7500', '33140084', '车身线束总成', '24', '5', '1', '0', '0', '3', '0.00', '0.00', '0.00', '40.00', '0', '0', null, '2017-05-03 15:08:43', null, '2017-05-16 17:16:43', '1'), ('285', '4002100U7501', '33201611', '车身线束总成', '24', '5', '1', '0', '0', '2', '0.00', '0.00', '0.00', '50.00', '0', '0', null, '2017-05-03 15:08:43', null, '2017-05-16 17:16:43', '1'), ('286', '4012030U7500', '33140087', '左前门线束总成', '24', '5', '1', '0', '0', '2', '0.00', '0.00', '0.00', '40.00', '0', '0', null, '2017-05-03 15:08:43', null, '2017-05-16 17:16:43', '1'), ('287', '4012040U7500', '33140086', '右前门线束总成', '24', '5', '1', '0', '0', '1', '0.00', '0.00', '0.00', '50.00', '0', '0', null, '2017-05-03 15:08:43', null, '2017-05-16 17:16:43', '1'), ('288', '4012090U7500', '33140633', '外后视镜开关连接线束总成', '24', '5', '1', '0', '0', '3', '0.00', '0.00', '0.00', '30.00', '0', '0', null, '2017-05-03 15:08:43', null, '2017-05-16 17:16:43', '1'), ('289', '4012090U7501', '33209232', '外后视镜开关连接线束总成', '24', '5', '1', '0', '0', '2', '0.00', '0.00', '0.00', '30.00', '0', '0', null, '2017-05-03 15:08:43', null, '2017-05-16 17:16:43', '1'), ('290', '4012010U7500', '33140085', '顶棚线束总成', '24', '5', '1', '0', '0', '2', '0.00', '0.00', '0.00', '40.00', '0', '0', null, '2017-05-03 15:08:43', null, '2017-05-16 17:16:43', '1'), ('291', '4001011U7500', '33142353', '引擎盖线束', '24', '5', '1', '0', '0', '2', '0.00', '0.00', '0.00', '30.00', '0', '0', null, '2017-05-03 15:08:43', null, '2017-05-16 17:16:43', '1'), ('292', '4002110U7500', '33142350', '左后EPB电机线束总成', '24', '5', '1', '0', '0', '2', '0.00', '0.00', '0.00', '30.00', '0', '0', null, '2017-05-03 15:08:43', null, '2017-05-16 17:16:43', '1'), ('293', '4002120U7500', '33149623', '右后EPB电机线束总成', '24', '5', '1', '0', '0', '2', '0.00', '0.00', '0.00', '40.00', '0', '0', null, '2017-05-03 15:08:43', null, '2017-05-16 17:16:43', '1'), ('294', '4012050U7500', '33140088', '左后门线束总成', '24', '5', '1', '0', '0', '1', '0.00', '0.00', '0.00', '40.00', '0', '0', null, '2017-05-03 15:08:43', null, '2017-05-16 17:16:43', '1'), ('295', '4012100U7500', '33267077', '玻璃开关连接线束总成', '24', '5', '1', '0', '0', '2', '0.00', '0.00', '0.00', '40.00', '0', '0', null, '2017-05-03 15:08:43', null, '2017-05-16 17:16:43', '1'), ('296', '4001100U7500', '33142349', '前保险杠线束总成', '24', '5', '1', '0', '0', '1', '0.00', '0.00', '0.00', '20.00', '0', '0', null, '2017-05-03 15:08:43', null, '2017-05-16 17:16:43', '1'), ('297', '2107100X1100', '', '车载充电器', '12', '5', '1', '0', '0', '1', '0.00', '0.00', '0.00', '30.00', '0', '0', null, '2017-05-03 15:08:43', null, '2017-05-16 17:16:43', '1'), ('298', '2107100X4100', '', '车载充电机总成', '12', '5', '1', '0', '0', '1', '0.00', '0.00', '0.00', '50.00', '0', '0', '0', '2017-05-03 15:08:43', '1', '2017-05-16 17:16:43', '1'), ('299', '5608800U2210-A011', '', '遮物帘总成', '11', '5', '1', '0', '0', '2', '0.00', '0.00', '0.00', '40.00', '0', '0', null, '2017-05-03 15:08:43', null, '2017-05-16 17:16:43', '1'), ('300', '8205100U7500', '', '电动遮阳帘总成', '11', '5', '1', '0', '0', '3', '0.00', '0.00', '0.00', '50.00', '0', '0', null, '2017-05-03 15:08:43', null, '2017-05-16 17:16:43', '1'), ('301', '5608800U1560', '', '行李箱隔板总成KD', '11', '5', '1', '0', '0', '1', '0.00', '0.00', '0.00', '40.00', '0', '0', null, '2017-05-03 15:08:43', null, '2017-05-16 17:16:43', '1'), ('302', '8205100U7502', '', '电动遮阳帘总成', '11', '5', '1', '0', '0', '2', '0.00', '0.00', '0.00', '30.00', '0', '0', null, '2017-05-03 15:08:43', null, '2017-05-16 17:16:43', '1');
INSERT INTO `goods` VALUES ('303', '6202600U7500', '', '左后门遮阳帘总成', '11', '5', '1', '0', '0', '1', '0.00', '0.00', '0.00', '40.00', '0', '0', null, '2017-05-03 15:08:43', null, '2017-05-16 17:16:43', '1'), ('304', '6202700U7500', '', '右后门遮阳帘总成', '11', '5', '1', '0', '0', '2', '0.00', '0.00', '0.00', '30.00', '0', '0', null, '2017-05-03 15:08:43', null, '2017-05-16 17:16:43', '1'), ('305', '2110100X1010', '', 'DC-DC转换器', '8', '5', '1', '0', '0', '2', '0.00', '0.00', '0.00', '40.00', '0', '0', null, '2017-05-03 15:08:43', null, '2017-05-16 17:16:43', '1'), ('306', '2107100X1040', '', '车载充电器', '8', '5', '1', '0', '0', '2', '0.00', '0.00', '0.00', '30.00', '0', '0', null, '2017-05-03 15:08:43', null, '2017-05-16 17:16:43', '1'), ('307', 'test01', null, 'testname', '17', '2', '0', '0', '0', '2', '0.00', '0.00', '0.00', '30.00', '0', '0', '1', '2017-05-10 10:22:37', '5', '2017-06-20 12:30:52', '0'), ('308', '1101100U8510Z2', '', 'test', '16', '2', '0', '0', '0', '1', '0.00', '0.00', '5.00', '0.00', '0', '0', '5', '2017-06-20 12:30:32', '5', '2017-06-20 12:32:30', '1');
COMMIT;

-- ----------------------------
-- Table structure for inventory
-- ----------------------------
DROP TABLE IF EXISTS `inventory`;
CREATE TABLE `inventory` (
`id`  int(10) NOT NULL AUTO_INCREMENT ,
`goods_id`  int(10) NOT NULL COMMENT '物料ID' ,
`quantity`  int(10) NOT NULL DEFAULT 0 COMMENT '良品库存量' ,
`locked`  int(10) NOT NULL DEFAULT 0 COMMENT '冻结数量' ,
`abnormal`  int(10) NOT NULL DEFAULT 0 COMMENT '异常品库存量' ,
`create_by`  int(10) NULL DEFAULT NULL ,
`create_at`  timestamp NULL DEFAULT CURRENT_TIMESTAMP ,
`update_by`  int(10) NULL DEFAULT NULL ,
`update_at`  timestamp NULL DEFAULT CURRENT_TIMESTAMP ON UPDATE CURRENT_TIMESTAMP ,
`isvalid`  tinyint(1) NULL DEFAULT 1 ,
PRIMARY KEY (`id`)
)
ENGINE=InnoDB
DEFAULT CHARACTER SET=utf8 COLLATE=utf8_general_ci
COMMENT='库存表'
AUTO_INCREMENT=27

;

-- ----------------------------
-- Records of inventory
-- ----------------------------
BEGIN;
INSERT INTO `inventory` VALUES ('1', '20', '32', '0', '2', '1', '2017-05-16 16:52:54', null, '2017-06-20 15:22:58', '1'), ('2', '95', '85', '0', '2', '1', '2017-05-16 16:56:16', null, '2017-06-22 16:06:15', '1'), ('3', '97', '1', '0', '5', '1', '2017-05-16 16:56:16', null, '2017-06-22 13:12:30', '1'), ('4', '98', '71', '0', '1', '1', '2017-05-16 16:56:16', null, '2017-06-22 16:06:16', '1'), ('5', '99', '47', '0', '0', '1', '2017-05-16 16:56:16', null, '2017-06-20 13:11:05', '1'), ('6', '162', '24', '0', '0', '1', '2017-05-16 17:01:04', null, '2017-05-16 17:01:04', '1'), ('7', '161', '12', '0', '0', '1', '2017-05-16 17:01:04', null, '2017-05-16 17:01:04', '1'), ('8', '163', '12', '0', '0', '1', '2017-05-16 17:01:04', null, '2017-05-16 17:01:04', '1'), ('9', '165', '12', '0', '0', '1', '2017-05-16 17:01:04', null, '2017-05-16 17:01:04', '1'), ('10', '94', '330', '0', '0', '1', '2017-05-16 17:07:14', null, '2017-06-14 17:02:32', '1'), ('11', '298', '50', '80', '0', '1', '2017-05-16 21:22:01', null, '2017-06-12 14:23:58', '1'), ('12', '143', '20', '0', '0', '1', '2017-05-16 21:46:26', null, '2017-05-16 21:46:26', '1'), ('13', '96', '44', '0', '0', '5', '2017-06-14 17:03:24', null, '2017-06-22 13:18:33', '1'), ('14', '100', '48', '0', '0', '5', '2017-06-14 17:03:25', null, '2017-06-20 17:29:13', '1'), ('15', '190', '222', '0', '0', '5', '2017-06-16 13:48:23', null, '2017-06-16 13:48:23', '1'), ('16', '21', '1', '0', '0', '5', '2017-06-16 14:12:03', null, '2017-06-16 14:12:03', '1'), ('17', '26', '0', '0', '0', '5', '2017-06-16 14:40:54', null, '2017-06-20 14:07:39', '1'), ('18', '92', '4', '0', '0', '5', '2017-06-16 14:56:15', null, '2017-06-16 14:56:15', '1'), ('19', '113', '33', '0', '0', '5', '2017-06-20 13:05:54', null, '2017-06-20 13:11:05', '1'), ('20', '116', '45', '0', '0', '5', '2017-06-20 13:05:54', null, '2017-06-20 13:11:05', '1'), ('21', '103', '1', '0', '0', '5', '2017-06-20 13:11:05', null, '2017-06-20 13:11:05', '1'), ('22', '112', '1', '0', '0', '5', '2017-06-20 13:11:05', null, '2017-06-20 13:11:05', '1'), ('23', '110', '1', '0', '0', '5', '2017-06-20 13:11:05', null, '2017-06-20 13:11:05', '1'), ('24', '160', '12', '0', '0', '5', '2017-06-20 14:01:39', null, '2017-06-20 14:01:39', '1'), ('25', '183', '1', '0', '0', '5', '2017-06-20 15:04:24', null, '2017-06-20 15:04:25', '1'), ('26', '185', '1', '0', '0', '5', '2017-06-20 15:04:25', null, '2017-06-20 15:04:25', '1');
COMMIT;

-- ----------------------------
-- Table structure for model
-- ----------------------------
DROP TABLE IF EXISTS `model`;
CREATE TABLE `model` (
`id`  int(10) NOT NULL AUTO_INCREMENT ,
`customer_id`  int(10) NOT NULL COMMENT '客户ID' ,
`model_code`  varchar(100) CHARACTER SET utf8 COLLATE utf8_general_ci NOT NULL COMMENT '车型代码' ,
`model_name`  varchar(256) CHARACTER SET utf8 COLLATE utf8_general_ci NOT NULL COMMENT '车型名称' ,
`model_alias`  varchar(256) CHARACTER SET utf8 COLLATE utf8_general_ci NULL DEFAULT NULL COMMENT '别名' ,
`model_plant`  varchar(512) CHARACTER SET utf8 COLLATE utf8_general_ci NULL DEFAULT NULL COMMENT '生产工厂' ,
`create_by`  int(10) NULL DEFAULT NULL ,
`create_at`  timestamp NULL DEFAULT CURRENT_TIMESTAMP ,
`update_by`  int(10) NULL DEFAULT NULL ,
`update_at`  timestamp NULL DEFAULT CURRENT_TIMESTAMP ON UPDATE CURRENT_TIMESTAMP ,
`isvalid`  tinyint(1) NULL DEFAULT 1 ,
PRIMARY KEY (`id`)
)
ENGINE=InnoDB
DEFAULT CHARACTER SET=utf8 COLLATE=utf8_general_ci
COMMENT='车型信息'
AUTO_INCREMENT=18

;

-- ----------------------------
-- Records of model
-- ----------------------------
BEGIN;
INSERT INTO `model` VALUES ('1', '3', 'V7050', '和畅', null, '江淮一工厂', '1', '2017-05-02 16:17:58', null, '2017-05-02 16:17:58', '1'), ('2', '3', '4A000', '瑞风', '', '一工厂', null, '2017-05-03 14:42:06', null, '2017-05-03 14:42:06', '1'), ('3', '3', 'V7050', '和畅', '', '一工厂', null, '2017-05-03 14:42:06', '1', '2017-05-03 14:43:30', '0'), ('4', '3', '8010', '同悦', '', '二工厂', null, '2017-05-03 14:42:06', null, '2017-05-03 14:42:06', '1'), ('5', '3', '2010', '和悦', '', '二工厂', null, '2017-05-03 14:42:06', null, '2017-05-03 14:42:06', '1'), ('6', '3', '2010', '和悦RS', '', '二工厂', null, '2017-05-03 14:42:06', null, '2017-05-03 14:42:06', '1'), ('7', '3', '8050', '悦悦', '', '二工厂', null, '2017-05-03 14:42:06', null, '2017-05-03 14:42:06', '1'), ('8', '3', '8180', 'IEV4', '', '二工厂', null, '2017-05-03 14:42:06', null, '2017-05-03 14:42:06', '1'), ('9', '3', 'x1100', 'IEV5', '', '二工厂', null, '2017-05-03 14:42:06', null, '2017-05-03 14:42:06', '1'), ('10', '3', 'x4100', 'IEV6S', '', '二工厂', null, '2017-05-03 14:42:06', null, '2017-05-03 14:42:06', '1'), ('11', '3', '1910', 'S2', 'A21', '二工厂', null, '2017-05-03 14:42:06', null, '2017-05-03 14:42:06', '1'), ('12', '3', '8710', 'A20', '', '二工厂', null, '2017-05-03 14:42:06', null, '2017-05-03 14:42:06', '1'), ('13', '3', '7500', 'C2', '', '二工厂', null, '2017-05-03 14:42:06', null, '2017-05-03 14:42:06', '1'), ('14', '3', '8510', 'A30', 'BII/B2', '二工厂', null, '2017-05-03 14:42:06', null, '2017-05-03 14:42:06', '1'), ('15', '3', '1510', 'S5', '', '三工厂', null, '2017-05-03 14:42:06', null, '2017-05-03 14:42:06', '1'), ('16', '3', '2210', 'S3', 'B-cross', '三工厂', null, '2017-05-03 14:42:06', null, '2017-05-03 14:42:06', '1'), ('17', '3', 'TEST', '测试', null, null, '5', '2017-06-20 11:02:51', '5', '2017-06-20 11:28:01', '0');
COMMIT;

-- ----------------------------
-- Table structure for model_goods
-- ----------------------------
DROP TABLE IF EXISTS `model_goods`;
CREATE TABLE `model_goods` (
`id`  int(10) NOT NULL AUTO_INCREMENT ,
`model_id`  int(10) NOT NULL COMMENT '车型ID' ,
`goods_id`  int(10) NOT NULL COMMENT '物料ID' ,
`goods_count`  int(10) NULL DEFAULT 0 COMMENT '用料数量' ,
`create_by`  int(10) NULL DEFAULT NULL ,
`create_at`  timestamp NULL DEFAULT CURRENT_TIMESTAMP ,
`update_by`  int(10) NULL DEFAULT NULL ,
`update_at`  timestamp NULL DEFAULT CURRENT_TIMESTAMP ON UPDATE CURRENT_TIMESTAMP ,
`isvalid`  tinyint(1) NULL DEFAULT 1 ,
PRIMARY KEY (`id`)
)
ENGINE=InnoDB
DEFAULT CHARACTER SET=utf8 COLLATE=utf8_general_ci
COMMENT='车型物料匹配'
AUTO_INCREMENT=251

;

-- ----------------------------
-- Records of model_goods
-- ----------------------------
BEGIN;
INSERT INTO `model_goods` VALUES ('5', '13', '3', '1', null, '2017-05-03 15:13:34', null, '2017-05-03 15:13:34', '1'), ('6', '16', '20', '1', null, '2017-05-03 15:13:34', null, '2017-05-03 15:13:34', '1'), ('7', '16', '21', '1', null, '2017-05-03 15:13:34', null, '2017-05-03 15:13:34', '1'), ('8', '16', '22', '1', null, '2017-05-03 15:13:34', null, '2017-05-03 15:13:34', '1'), ('9', '16', '23', '1', null, '2017-05-03 15:13:34', null, '2017-05-03 15:13:34', '1'), ('10', '16', '24', '1', null, '2017-05-03 15:13:34', null, '2017-05-03 15:13:34', '1'), ('11', '16', '25', '1', null, '2017-05-03 15:13:34', null, '2017-05-03 15:13:34', '1'), ('12', '16', '42', '1', null, '2017-05-03 15:13:34', null, '2017-05-03 15:13:34', '1'), ('13', '16', '99', '1', null, '2017-05-03 15:13:34', null, '2017-05-03 15:13:34', '1'), ('14', '16', '100', '1', null, '2017-05-03 15:13:34', null, '2017-05-03 15:13:34', '1'), ('15', '16', '149', '1', null, '2017-05-03 15:13:34', null, '2017-05-03 15:13:34', '1'), ('16', '16', '150', '1', null, '2017-05-03 15:13:34', null, '2017-05-03 15:13:34', '1'), ('17', '16', '151', '1', null, '2017-05-03 15:13:34', null, '2017-05-03 15:13:34', '1'), ('18', '16', '154', '1', null, '2017-05-03 15:13:34', null, '2017-05-03 15:13:34', '1'), ('19', '16', '155', '1', null, '2017-05-03 15:13:34', null, '2017-05-03 15:13:34', '1'), ('20', '16', '156', '1', null, '2017-05-03 15:13:34', null, '2017-05-03 15:13:34', '1'), ('21', '16', '157', '1', null, '2017-05-03 15:13:34', null, '2017-05-03 15:13:34', '1'), ('22', '16', '160', '1', null, '2017-05-03 15:13:34', null, '2017-05-03 15:13:34', '1'), ('23', '16', '161', '1', null, '2017-05-03 15:13:34', null, '2017-05-03 15:13:34', '1'), ('24', '16', '162', '1', null, '2017-05-03 15:13:34', null, '2017-05-03 15:13:34', '1'), ('25', '16', '188', '1', null, '2017-05-03 15:13:34', null, '2017-05-03 15:13:34', '1'), ('26', '16', '189', '1', null, '2017-05-03 15:13:34', null, '2017-05-03 15:13:34', '1'), ('27', '16', '190', '1', null, '2017-05-03 15:13:34', null, '2017-05-03 15:13:34', '1'), ('28', '16', '191', '1', null, '2017-05-03 15:13:34', null, '2017-05-03 15:13:34', '1'), ('29', '16', '192', '1', null, '2017-05-03 15:13:34', null, '2017-05-03 15:13:34', '1'), ('30', '16', '193', '1', null, '2017-05-03 15:13:34', null, '2017-05-03 15:13:34', '1'), ('31', '16', '194', '1', null, '2017-05-03 15:13:34', null, '2017-05-03 15:13:34', '1'), ('32', '16', '195', '1', null, '2017-05-03 15:13:34', null, '2017-05-03 15:13:34', '1'), ('33', '16', '196', '1', null, '2017-05-03 15:13:34', null, '2017-05-03 15:13:34', '1'), ('34', '16', '197', '1', null, '2017-05-03 15:13:34', null, '2017-05-03 15:13:34', '1'), ('35', '16', '198', '1', null, '2017-05-03 15:13:34', null, '2017-05-03 15:13:34', '1'), ('36', '16', '199', '1', null, '2017-05-03 15:13:34', null, '2017-05-03 15:13:34', '1'), ('37', '16', '200', '1', null, '2017-05-03 15:13:34', null, '2017-05-03 15:13:34', '1'), ('38', '16', '201', '1', null, '2017-05-03 15:13:34', null, '2017-05-03 15:13:34', '1'), ('39', '16', '202', '1', null, '2017-05-03 15:13:34', null, '2017-05-03 15:13:34', '1'), ('40', '16', '203', '1', null, '2017-05-03 15:13:34', null, '2017-05-03 15:13:34', '1'), ('41', '16', '204', '1', null, '2017-05-03 15:13:34', null, '2017-05-03 15:13:34', '1'), ('42', '16', '205', '1', null, '2017-05-03 15:13:34', null, '2017-05-03 15:13:34', '1'), ('43', '16', '206', '1', null, '2017-05-03 15:13:34', null, '2017-05-03 15:13:34', '1'), ('44', '16', '207', '1', null, '2017-05-03 15:13:34', null, '2017-05-03 15:13:34', '1'), ('45', '16', '208', '1', null, '2017-05-03 15:13:34', null, '2017-05-03 15:13:34', '1'), ('46', '16', '209', '1', null, '2017-05-03 15:13:34', null, '2017-05-03 15:13:34', '1'), ('47', '16', '210', '1', null, '2017-05-03 15:13:34', null, '2017-05-03 15:13:34', '1'), ('48', '16', '211', '1', null, '2017-05-03 15:13:34', null, '2017-05-03 15:13:34', '1'), ('49', '16', '212', '1', null, '2017-05-03 15:13:34', null, '2017-05-03 15:13:34', '1'), ('50', '16', '213', '1', null, '2017-05-03 15:13:34', null, '2017-05-03 15:13:34', '1'), ('51', '16', '214', '1', null, '2017-05-03 15:13:34', null, '2017-05-03 15:13:34', '1'), ('52', '16', '215', '1', null, '2017-05-03 15:13:34', null, '2017-05-03 15:13:34', '1'), ('53', '16', '216', '1', null, '2017-05-03 15:13:34', null, '2017-05-03 15:13:34', '1'), ('54', '16', '217', '1', null, '2017-05-03 15:13:34', null, '2017-05-03 15:13:34', '1'), ('55', '16', '218', '1', null, '2017-05-03 15:13:34', null, '2017-05-03 15:13:34', '1'), ('56', '16', '219', '1', null, '2017-05-03 15:13:34', null, '2017-05-03 15:13:34', '1'), ('57', '16', '220', '1', null, '2017-05-03 15:13:34', null, '2017-05-03 15:13:34', '1'), ('58', '16', '221', '1', null, '2017-05-03 15:13:34', null, '2017-05-03 15:13:34', '1'), ('59', '16', '222', '1', null, '2017-05-03 15:13:34', null, '2017-05-03 15:13:34', '1'), ('60', '16', '223', '1', null, '2017-05-03 15:13:34', null, '2017-05-03 15:13:34', '1'), ('61', '16', '224', '1', null, '2017-05-03 15:13:34', null, '2017-05-03 15:13:34', '1'), ('62', '16', '225', '1', null, '2017-05-03 15:13:34', null, '2017-05-03 15:13:34', '1'), ('63', '16', '226', '1', null, '2017-05-03 15:13:34', null, '2017-05-03 15:13:34', '1'), ('64', '16', '227', '1', null, '2017-05-03 15:13:34', null, '2017-05-03 15:13:34', '1'), ('65', '16', '228', '1', null, '2017-05-03 15:13:34', null, '2017-05-03 15:13:34', '1'), ('66', '16', '229', '1', null, '2017-05-03 15:13:34', null, '2017-05-03 15:13:34', '1'), ('67', '16', '230', '1', null, '2017-05-03 15:13:34', null, '2017-05-03 15:13:34', '1'), ('68', '16', '231', '1', null, '2017-05-03 15:13:34', null, '2017-05-03 15:13:34', '1'), ('69', '16', '232', '1', null, '2017-05-03 15:13:34', null, '2017-05-03 15:13:34', '1'), ('70', '16', '233', '1', null, '2017-05-03 15:13:34', null, '2017-05-03 15:13:34', '1'), ('71', '16', '234', '1', null, '2017-05-03 15:13:34', null, '2017-05-03 15:13:34', '1'), ('72', '16', '235', '1', null, '2017-05-03 15:13:34', null, '2017-05-03 15:13:34', '1'), ('73', '16', '236', '1', null, '2017-05-03 15:13:34', null, '2017-05-03 15:13:34', '1'), ('74', '16', '237', '1', null, '2017-05-03 15:13:34', null, '2017-05-03 15:13:34', '1'), ('75', '16', '238', '1', null, '2017-05-03 15:13:34', null, '2017-05-03 15:13:34', '1'), ('76', '16', '297', '1', null, '2017-05-03 15:13:34', null, '2017-05-03 15:13:34', '1'), ('77', '15', '40', '1', null, '2017-05-03 15:13:34', null, '2017-05-03 15:13:34', '1'), ('78', '15', '41', '1', null, '2017-05-03 15:13:34', null, '2017-05-03 15:13:34', '1'), ('79', '15', '163', '1', null, '2017-05-03 15:13:34', null, '2017-05-03 15:13:34', '1'), ('80', '15', '164', '1', null, '2017-05-03 15:13:34', null, '2017-05-03 15:13:34', '1'), ('81', '15', '165', '1', null, '2017-05-03 15:13:34', null, '2017-05-03 15:13:34', '1'), ('82', '15', '166', '1', null, '2017-05-03 15:13:34', null, '2017-05-03 15:13:34', '1'), ('83', '15', '167', '1', null, '2017-05-03 15:13:34', null, '2017-05-03 15:13:34', '1'), ('84', '15', '168', '1', null, '2017-05-03 15:13:34', null, '2017-05-03 15:13:34', '1'), ('85', '15', '169', '1', null, '2017-05-03 15:13:34', null, '2017-05-03 15:13:34', '1'), ('86', '15', '170', '1', null, '2017-05-03 15:13:34', null, '2017-05-03 15:13:34', '1'), ('87', '15', '171', '1', null, '2017-05-03 15:13:34', null, '2017-05-03 15:13:34', '1'), ('88', '15', '172', '1', null, '2017-05-03 15:13:34', null, '2017-05-03 15:13:34', '1'), ('89', '15', '173', '1', null, '2017-05-03 15:13:34', null, '2017-05-03 15:13:34', '1'), ('90', '15', '174', '1', null, '2017-05-03 15:13:34', null, '2017-05-03 15:13:34', '1'), ('91', '15', '175', '1', null, '2017-05-03 15:13:34', null, '2017-05-03 15:13:34', '1'), ('92', '15', '176', '1', null, '2017-05-03 15:13:34', null, '2017-05-03 15:13:34', '1'), ('93', '15', '177', '1', null, '2017-05-03 15:13:34', null, '2017-05-03 15:13:34', '1'), ('94', '15', '299', '1', null, '2017-05-03 15:13:34', null, '2017-05-03 15:13:34', '1'), ('95', '14', '8', '1', null, '2017-05-03 15:13:34', null, '2017-05-03 15:13:34', '1'), ('96', '14', '9', '1', null, '2017-05-03 15:13:34', null, '2017-05-03 15:13:34', '1'), ('97', '14', '10', '1', null, '2017-05-03 15:13:34', null, '2017-05-03 15:13:34', '1'), ('98', '14', '11', '1', null, '2017-05-03 15:13:34', null, '2017-05-03 15:13:34', '1'), ('99', '14', '48', '1', null, '2017-05-03 15:13:34', null, '2017-05-03 15:13:34', '1'), ('100', '14', '49', '1', null, '2017-05-03 15:13:34', null, '2017-05-03 15:13:34', '1'), ('101', '14', '53', '1', null, '2017-05-03 15:13:34', null, '2017-05-03 15:13:34', '1'), ('102', '14', '54', '1', null, '2017-05-03 15:13:34', null, '2017-05-03 15:13:34', '1'), ('103', '14', '55', '1', null, '2017-05-03 15:13:34', null, '2017-05-03 15:13:34', '1'), ('104', '14', '103', '1', null, '2017-05-03 15:13:34', null, '2017-05-03 15:13:34', '1');
INSERT INTO `model_goods` VALUES ('105', '14', '104', '1', null, '2017-05-03 15:13:34', null, '2017-05-03 15:13:34', '1'), ('106', '14', '143', '1', null, '2017-05-03 15:13:34', null, '2017-05-03 15:13:34', '1'), ('107', '14', '239', '1', null, '2017-05-03 15:13:34', null, '2017-05-03 15:13:34', '1'), ('108', '14', '240', '1', null, '2017-05-03 15:13:34', null, '2017-05-03 15:13:34', '1'), ('109', '14', '241', '1', null, '2017-05-03 15:13:34', null, '2017-05-03 15:13:34', '1'), ('110', '14', '242', '1', null, '2017-05-03 15:13:34', null, '2017-05-03 15:13:34', '1'), ('111', '14', '243', '1', null, '2017-05-03 15:13:34', null, '2017-05-03 15:13:34', '1'), ('112', '14', '244', '1', null, '2017-05-03 15:13:34', null, '2017-05-03 15:13:34', '1'), ('113', '14', '245', '1', null, '2017-05-03 15:13:34', null, '2017-05-03 15:13:34', '1'), ('114', '14', '246', '1', null, '2017-05-03 15:13:34', null, '2017-05-03 15:13:34', '1'), ('115', '14', '247', '1', null, '2017-05-03 15:13:34', null, '2017-05-03 15:13:34', '1'), ('116', '14', '248', '1', null, '2017-05-03 15:13:34', null, '2017-05-03 15:13:34', '1'), ('117', '14', '249', '1', null, '2017-05-03 15:13:34', null, '2017-05-03 15:13:34', '1'), ('118', '14', '250', '1', null, '2017-05-03 15:13:34', null, '2017-05-03 15:13:34', '1'), ('119', '14', '251', '1', null, '2017-05-03 15:13:34', null, '2017-05-03 15:13:34', '1'), ('120', '14', '252', '1', null, '2017-05-03 15:13:34', null, '2017-05-03 15:13:34', '1'), ('121', '14', '253', '1', null, '2017-05-03 15:13:34', null, '2017-05-03 15:13:34', '1'), ('122', '14', '254', '1', null, '2017-05-03 15:13:34', null, '2017-05-03 15:13:34', '1'), ('123', '14', '255', '1', null, '2017-05-03 15:13:34', null, '2017-05-03 15:13:34', '1'), ('124', '14', '256', '1', null, '2017-05-03 15:13:34', null, '2017-05-03 15:13:34', '1'), ('125', '14', '257', '1', null, '2017-05-03 15:13:34', null, '2017-05-03 15:13:34', '1'), ('126', '14', '258', '1', null, '2017-05-03 15:13:34', null, '2017-05-03 15:13:34', '1'), ('127', '14', '259', '1', null, '2017-05-03 15:13:34', null, '2017-05-03 15:13:34', '1'), ('128', '14', '260', '1', null, '2017-05-03 15:13:34', null, '2017-05-03 15:13:34', '1'), ('129', '14', '261', '1', null, '2017-05-03 15:13:34', null, '2017-05-03 15:13:34', '1'), ('130', '14', '262', '1', null, '2017-05-03 15:13:34', null, '2017-05-03 15:13:34', '1'), ('131', '14', '263', '1', null, '2017-05-03 15:13:34', null, '2017-05-03 15:13:34', '1'), ('132', '14', '264', '1', null, '2017-05-03 15:13:34', null, '2017-05-03 15:13:34', '1'), ('133', '14', '265', '1', null, '2017-05-03 15:13:34', null, '2017-05-03 15:13:34', '1'), ('134', '14', '266', '1', null, '2017-05-03 15:13:34', null, '2017-05-03 15:13:34', '1'), ('135', '14', '267', '1', null, '2017-05-03 15:13:34', null, '2017-05-03 15:13:34', '1'), ('136', '14', '268', '1', null, '2017-05-03 15:13:34', null, '2017-05-03 15:13:34', '1'), ('137', '14', '269', '1', null, '2017-05-03 15:13:34', null, '2017-05-03 15:13:34', '1'), ('138', '14', '270', '1', null, '2017-05-03 15:13:34', null, '2017-05-03 15:13:34', '1'), ('139', '14', '271', '1', null, '2017-05-03 15:13:34', null, '2017-05-03 15:13:34', '1'), ('140', '14', '272', '1', null, '2017-05-03 15:13:34', null, '2017-05-03 15:13:34', '1'), ('141', '14', '273', '1', null, '2017-05-03 15:13:34', null, '2017-05-03 15:13:34', '1'), ('142', '13', '4', '1', null, '2017-05-03 15:13:34', null, '2017-05-03 15:13:34', '1'), ('143', '13', '5', '1', null, '2017-05-03 15:13:34', null, '2017-05-03 15:13:34', '1'), ('144', '13', '35', '2', '0', '2017-05-03 15:13:34', '1', '2017-05-03 15:13:34', '1'), ('145', '13', '36', '1', null, '2017-05-03 15:13:34', null, '2017-05-03 15:13:34', '1'), ('146', '13', '37', '1', null, '2017-05-03 15:13:34', null, '2017-05-03 15:13:34', '1'), ('147', '13', '38', '1', null, '2017-05-03 15:13:34', null, '2017-05-03 15:13:34', '1'), ('148', '13', '39', '1', null, '2017-05-03 15:13:34', null, '2017-05-03 15:13:34', '1'), ('149', '13', '46', '1', null, '2017-05-03 15:13:34', null, '2017-05-03 15:13:34', '1'), ('150', '13', '47', '1', null, '2017-05-03 15:13:34', null, '2017-05-03 15:13:34', '1'), ('151', '13', '64', '1', null, '2017-05-03 15:13:34', null, '2017-05-03 15:13:34', '1'), ('152', '13', '65', '1', null, '2017-05-03 15:13:34', null, '2017-05-03 15:13:34', '1'), ('153', '13', '92', '1', null, '2017-05-03 15:13:34', null, '2017-05-03 15:13:34', '1'), ('154', '13', '105', '1', null, '2017-05-03 15:13:34', null, '2017-05-03 15:13:34', '1'), ('155', '13', '106', '1', null, '2017-05-03 15:13:34', null, '2017-05-03 15:13:34', '1'), ('156', '13', '128', '1', null, '2017-05-03 15:13:34', null, '2017-05-03 15:13:34', '1'), ('157', '13', '129', '1', null, '2017-05-03 15:13:34', null, '2017-05-03 15:13:34', '1'), ('158', '13', '130', '1', null, '2017-05-03 15:13:34', null, '2017-05-03 15:13:34', '1'), ('159', '13', '131', '1', null, '2017-05-03 15:13:34', null, '2017-05-03 15:13:34', '1'), ('160', '13', '132', '1', null, '2017-05-03 15:13:34', null, '2017-05-03 15:13:34', '1'), ('161', '13', '133', '1', null, '2017-05-03 15:13:34', null, '2017-05-03 15:13:34', '1'), ('162', '13', '134', '1', null, '2017-05-03 15:13:34', null, '2017-05-03 15:13:34', '1'), ('163', '13', '135', '1', null, '2017-05-03 15:13:34', null, '2017-05-03 15:13:34', '1'), ('164', '13', '136', '1', null, '2017-05-03 15:13:34', null, '2017-05-03 15:13:34', '1'), ('165', '13', '159', '1', null, '2017-05-03 15:13:34', null, '2017-05-03 15:13:34', '1'), ('166', '13', '274', '1', null, '2017-05-03 15:13:34', null, '2017-05-03 15:13:34', '1'), ('167', '13', '275', '1', null, '2017-05-03 15:13:34', null, '2017-05-03 15:13:34', '1'), ('168', '13', '276', '1', null, '2017-05-03 15:13:34', null, '2017-05-03 15:13:34', '1'), ('169', '13', '277', '1', null, '2017-05-03 15:13:34', null, '2017-05-03 15:13:34', '1'), ('170', '13', '278', '1', null, '2017-05-03 15:13:34', null, '2017-05-03 15:13:34', '1'), ('171', '13', '279', '1', null, '2017-05-03 15:13:34', null, '2017-05-03 15:13:34', '1'), ('172', '13', '280', '1', null, '2017-05-03 15:13:34', null, '2017-05-03 15:13:34', '1'), ('173', '13', '281', '1', null, '2017-05-03 15:13:34', null, '2017-05-03 15:13:34', '1'), ('174', '13', '282', '1', null, '2017-05-03 15:13:34', null, '2017-05-03 15:13:34', '1'), ('175', '13', '283', '1', null, '2017-05-03 15:13:34', null, '2017-05-03 15:13:34', '1'), ('176', '13', '284', '1', null, '2017-05-03 15:13:34', null, '2017-05-03 15:13:34', '1'), ('177', '13', '285', '1', null, '2017-05-03 15:13:34', null, '2017-05-03 15:13:34', '1'), ('178', '13', '286', '1', null, '2017-05-03 15:13:34', null, '2017-05-03 15:13:34', '1'), ('179', '13', '287', '1', null, '2017-05-03 15:13:34', null, '2017-05-03 15:13:34', '1'), ('180', '13', '288', '1', null, '2017-05-03 15:13:34', null, '2017-05-03 15:13:34', '1'), ('181', '13', '289', '1', null, '2017-05-03 15:13:34', null, '2017-05-03 15:13:34', '1'), ('182', '13', '290', '1', null, '2017-05-03 15:13:34', null, '2017-05-03 15:13:34', '1'), ('183', '13', '291', '1', null, '2017-05-03 15:13:34', null, '2017-05-03 15:13:34', '1'), ('184', '13', '292', '1', null, '2017-05-03 15:13:34', null, '2017-05-03 15:13:34', '1'), ('185', '13', '293', '1', null, '2017-05-03 15:13:34', null, '2017-05-03 15:13:34', '1'), ('186', '13', '294', '1', null, '2017-05-03 15:13:34', null, '2017-05-03 15:13:34', '1'), ('187', '13', '298', '1', null, '2017-05-03 15:13:34', null, '2017-05-03 15:13:34', '1'), ('188', '13', '300', '1', null, '2017-05-03 15:13:34', null, '2017-05-03 15:13:34', '1'), ('189', '13', '301', '1', null, '2017-05-03 15:13:34', null, '2017-05-03 15:13:34', '1'), ('190', '13', '302', '1', null, '2017-05-03 15:13:34', null, '2017-05-03 15:13:34', '1'), ('191', '12', '6', '1', null, '2017-05-03 15:13:34', null, '2017-05-03 15:13:34', '1'), ('192', '12', '7', '1', null, '2017-05-03 15:13:34', null, '2017-05-03 15:13:34', '1'), ('193', '12', '67', '1', null, '2017-05-03 15:13:34', null, '2017-05-03 15:13:34', '1'), ('194', '12', '68', '1', null, '2017-05-03 15:13:34', null, '2017-05-03 15:13:34', '1'), ('195', '12', '69', '1', null, '2017-05-03 15:13:34', null, '2017-05-03 15:13:34', '1'), ('196', '12', '101', '1', null, '2017-05-03 15:13:34', null, '2017-05-03 15:13:34', '1'), ('197', '12', '102', '1', null, '2017-05-03 15:13:34', null, '2017-05-03 15:13:34', '1'), ('198', '11', '43', '1', null, '2017-05-03 15:13:34', null, '2017-05-03 15:13:34', '1'), ('199', '11', '44', '1', null, '2017-05-03 15:13:34', null, '2017-05-03 15:13:34', '1'), ('200', '11', '45', '1', null, '2017-05-03 15:13:34', null, '2017-05-03 15:13:34', '1'), ('201', '11', '82', '1', null, '2017-05-03 15:13:34', null, '2017-05-03 15:13:34', '1'), ('202', '11', '83', '1', null, '2017-05-03 15:13:34', null, '2017-05-03 15:13:34', '1'), ('203', '11', '84', '1', null, '2017-05-03 15:13:34', null, '2017-05-03 15:13:34', '1'), ('204', '11', '87', '1', null, '2017-05-03 15:13:34', null, '2017-05-03 15:13:34', '1');
INSERT INTO `model_goods` VALUES ('205', '11', '88', '1', null, '2017-05-03 15:13:34', null, '2017-05-03 15:13:34', '1'), ('206', '11', '89', '1', null, '2017-05-03 15:13:34', null, '2017-05-03 15:13:34', '1'), ('207', '11', '90', '1', null, '2017-05-03 15:13:34', null, '2017-05-03 15:13:34', '1'), ('208', '11', '91', '1', null, '2017-05-03 15:13:34', null, '2017-05-03 15:13:34', '1'), ('209', '11', '93', '1', null, '2017-05-03 15:13:34', null, '2017-05-03 15:13:34', '1'), ('210', '11', '94', '1', null, '2017-05-03 15:13:34', null, '2017-05-03 15:13:34', '1'), ('211', '11', '95', '1', null, '2017-05-03 15:13:34', null, '2017-05-03 15:13:34', '1'), ('212', '11', '96', '1', null, '2017-05-03 15:13:34', null, '2017-05-03 15:13:34', '1'), ('213', '11', '97', '1', null, '2017-05-03 15:13:34', null, '2017-05-03 15:13:34', '1'), ('214', '11', '98', '1', null, '2017-05-03 15:13:34', null, '2017-05-03 15:13:34', '1'), ('215', '11', '140', '1', null, '2017-05-03 15:13:34', null, '2017-05-03 15:13:34', '1'), ('216', '10', '31', '1', null, '2017-05-03 15:13:34', null, '2017-05-03 15:13:34', '1'), ('217', '10', '32', '1', null, '2017-05-03 15:13:34', null, '2017-05-03 15:13:34', '1'), ('218', '10', '33', '1', null, '2017-05-03 15:13:34', null, '2017-05-03 15:13:34', '1'), ('219', '10', '34', '1', null, '2017-05-03 15:13:34', null, '2017-05-03 15:13:34', '1'), ('220', '10', '186', '1', null, '2017-05-03 15:13:34', null, '2017-05-03 15:13:34', '1'), ('221', '10', '187', '1', null, '2017-05-03 15:13:34', null, '2017-05-03 15:13:34', '1'), ('222', '9', '12', '2', '0', '2017-05-03 15:13:34', '1', '2017-05-03 15:45:20', '1'), ('223', '9', '50', '1', null, '2017-05-03 15:13:34', null, '2017-05-03 15:13:34', '1'), ('224', '9', '51', '1', null, '2017-05-03 15:13:34', null, '2017-05-03 15:13:34', '1'), ('225', '9', '52', '1', null, '2017-05-03 15:13:34', null, '2017-05-03 15:13:34', '1'), ('226', '9', '127', '1', null, '2017-05-03 15:13:34', null, '2017-05-03 15:13:34', '1'), ('227', '9', '142', '1', null, '2017-05-03 15:13:34', null, '2017-05-03 15:13:34', '1'), ('228', '9', '148', '1', null, '2017-05-03 15:13:34', null, '2017-05-03 15:13:34', '1'), ('229', '9', '183', '1', null, '2017-05-03 15:13:34', null, '2017-05-03 15:13:34', '1'), ('230', '9', '185', '1', null, '2017-05-03 15:13:34', null, '2017-05-03 15:13:34', '1'), ('231', '9', '295', '1', null, '2017-05-03 15:13:34', null, '2017-05-03 15:13:34', '1'), ('232', '8', '13', '2', '0', '2017-05-03 15:13:34', '1', '2017-05-04 09:33:42', '1'), ('233', '8', '14', '2', '0', '2017-05-03 15:13:34', '1', '2017-05-03 15:13:34', '1'), ('234', '8', '15', '1', null, '2017-05-03 15:13:34', null, '2017-05-03 15:13:34', '1'), ('235', '8', '17', '1', null, '2017-05-03 15:13:34', null, '2017-05-03 15:13:34', '1'), ('236', '8', '26', '1', null, '2017-05-03 15:13:34', null, '2017-05-03 15:13:34', '1'), ('237', '8', '27', '1', null, '2017-05-03 15:13:34', null, '2017-05-03 15:13:34', '1'), ('238', '8', '141', '1', null, '2017-05-03 15:13:34', null, '2017-05-03 15:13:34', '1'), ('239', '8', '180', '1', null, '2017-05-03 15:13:34', null, '2017-05-03 15:13:34', '1'), ('240', '8', '181', '1', null, '2017-05-03 15:13:34', null, '2017-05-03 15:13:34', '1'), ('241', '8', '182', '1', null, '2017-05-03 15:13:34', null, '2017-05-03 15:13:34', '1'), ('242', '8', '303', '1', null, '2017-05-03 15:13:34', null, '2017-05-03 15:13:34', '1'), ('243', '8', '304', '1', null, '2017-05-03 15:13:34', null, '2017-05-03 15:13:34', '1'), ('244', '5', '107', '1', null, '2017-05-03 15:13:34', null, '2017-05-03 15:13:34', '1'), ('245', '5', '108', '1', null, '2017-05-03 15:13:34', null, '2017-05-03 15:13:34', '1'), ('246', '2', '28', '1', null, '2017-05-03 15:13:34', null, '2017-05-03 15:13:34', '1'), ('247', '2', '29', '1', null, '2017-05-03 15:13:34', null, '2017-05-03 15:13:34', '1'), ('248', '1', '5', '1', '5', '2017-06-20 10:53:29', null, '2017-06-20 10:53:29', '1'), ('249', '17', '7', '1', '5', '2017-06-20 11:12:40', '5', '2017-06-20 11:28:01', '0'), ('250', '17', '4', '1', '5', '2017-06-20 11:12:48', '5', '2017-06-20 11:28:01', '0');
COMMIT;

-- ----------------------------
-- Table structure for order
-- ----------------------------
DROP TABLE IF EXISTS `order`;
CREATE TABLE `order` (
`id`  int(10) NOT NULL AUTO_INCREMENT ,
`customer_id`  int(10) NOT NULL COMMENT '客户ID' ,
`vendor_id`  int(10) NOT NULL COMMENT '供货商ID' ,
`order_code`  varchar(100) CHARACTER SET utf8 COLLATE utf8_general_ci NOT NULL COMMENT '订单号' ,
`order_type`  varchar(100) CHARACTER SET utf8 COLLATE utf8_general_ci NOT NULL COMMENT '订单类型' ,
`order_serial_no`  varchar(100) CHARACTER SET utf8 COLLATE utf8_general_ci NOT NULL COMMENT '流水号' ,
`order_date`  timestamp NOT NULL DEFAULT CURRENT_TIMESTAMP COMMENT '需求时间' ,
`address`  varchar(255) CHARACTER SET utf8 COLLATE utf8_general_ci NULL DEFAULT NULL COMMENT '收货方' ,
`pur_no`  varchar(255) CHARACTER SET utf8 COLLATE utf8_general_ci NULL DEFAULT NULL COMMENT '收货方采购订单号' ,
`contacts`  varchar(255) CHARACTER SET utf8 COLLATE utf8_general_ci NULL DEFAULT NULL COMMENT '收货方联系方式' ,
`dock`  varchar(255) CHARACTER SET utf8 COLLATE utf8_general_ci NULL DEFAULT NULL COMMENT '道口' ,
`status`  enum('create','receive','ready','check','send','delivery','done') CHARACTER SET utf8 COLLATE utf8_general_ci NOT NULL COMMENT '订单状态' ,
`truck_id`  int(11) NULL DEFAULT NULL COMMENT '发货车辆ID' ,
`remark`  varchar(255) CHARACTER SET utf8 COLLATE utf8_general_ci NULL DEFAULT NULL COMMENT '备注' ,
`create_by`  int(10) NULL DEFAULT NULL ,
`create_at`  timestamp NULL DEFAULT CURRENT_TIMESTAMP ,
`update_by`  int(10) NULL DEFAULT NULL ,
`update_at`  timestamp NULL DEFAULT CURRENT_TIMESTAMP ON UPDATE CURRENT_TIMESTAMP ,
`isvalid`  tinyint(1) NULL DEFAULT 1 ,
PRIMARY KEY (`id`),
INDEX `IN_VENDOR_ID` (`vendor_id`) USING BTREE ,
INDEX `IN_ORDER_CODE` (`order_code`, `order_serial_no`) USING BTREE 
)
ENGINE=InnoDB
DEFAULT CHARACTER SET=utf8 COLLATE=utf8_general_ci
COMMENT='发货单信息'
AUTO_INCREMENT=37

;

-- ----------------------------
-- Records of order
-- ----------------------------
BEGIN;
INSERT INTO `order` VALUES ('1', '3', '12', 'XBH5C567F', '计划看板', '34554', '2017-05-15 13:36:59', null, null, null, 'DOCK05', 'done', null, null, '1', '2017-05-15 13:36:59', '1', '2017-06-06 17:31:30', '1'), ('2', '3', '13', 'XBH590E0A', '外部序列', '34555', '2017-06-01 12:00:52', null, null, null, 'DOCK04', 'send', '1', null, '1', '2017-06-01 12:00:52', '11', '2017-06-14 10:27:02', '1'), ('22', '3', '13', 'XBH5RCECF', '计划看板', '36375', '2017-05-28 12:00:00', null, null, null, 'DOCK02', 'send', '1', null, '1', '2017-06-07 12:00:50', '11', '2017-06-14 10:27:02', '1'), ('23', '3', '19', 'XBH6121BB', '外部序列', '36738', '2017-06-01 11:47:43', null, null, null, 'DOCK05', 'create', null, null, '1', '2017-06-07 12:00:50', null, '2017-06-07 12:00:50', '1'), ('27', '0', '4', '1706140001', '手工单', '1706140001', '2017-06-19 00:00:00', '江淮一工厂', null, '李雷  18756784321', null, 'create', null, null, '5', '2017-06-18 15:44:53', null, '2017-06-19 14:38:48', '1'), ('28', '0', '12', '1706140002', '手工单', '1706140002', '2017-06-19 00:00:00', '江淮四工厂', '1234567', null, null, 'create', null, null, '5', '2017-06-18 15:47:27', null, '2017-06-19 14:38:45', '1'), ('29', '0', '4', '1706140003', '手工单', '1706140003', '2017-06-17 00:00:00', '江淮一工厂', null, null, null, 'create', null, null, '5', '2017-06-18 15:52:46', null, '2017-06-19 14:38:50', '1'), ('30', '0', '5', '1706140004', '手工单', '1706140004', '2017-06-18 00:00:00', '江淮三工厂', null, null, null, 'create', null, null, '5', '2017-06-18 16:45:04', null, '2017-06-19 14:38:53', '1'), ('31', '0', '9', '1706140005', '手工单', '1706140005', '2017-06-18 00:00:00', '江淮三工厂', null, null, null, 'delivery', null, null, '5', '2017-06-18 16:55:17', null, '2017-06-19 14:38:55', '1'), ('32', '0', '7', '1706140006', '手工单', '1706140006', '2017-06-19 00:00:00', '江淮二工厂', null, null, null, 'create', null, null, '5', '2017-06-18 16:56:31', null, '2017-06-19 14:38:58', '1'), ('33', '0', '4', '1706200001', '手工单', '1706200001', '2017-06-20 00:00:00', '江淮二工厂', null, null, null, 'create', null, null, '5', '2017-06-20 13:38:27', null, '2017-06-20 13:38:27', '1'), ('34', '0', '6', '1706190001', '手工单', '1706190001', '2017-06-19 00:00:00', '江淮三工厂', null, null, null, 'create', null, null, '5', '2017-06-20 13:43:12', '9', '2017-06-22 08:39:25', '0'), ('35', '0', '4', '1706200002', '手工单', '1706200002', '2017-06-20 00:00:00', '江淮三工厂', null, null, null, 'done', null, null, '5', '2017-06-20 15:11:06', '1', '2017-06-20 15:18:58', '1'), ('36', '0', '4', '1706220001', '手工单', '1706220001', '2017-06-22 00:00:00', '江淮二工厂', null, null, null, 'done', null, null, '4', '2017-06-22 15:54:07', '1', '2017-06-22 16:01:41', '1');
COMMIT;

-- ----------------------------
-- Table structure for order_detail
-- ----------------------------
DROP TABLE IF EXISTS `order_detail`;
CREATE TABLE `order_detail` (
`id`  int(10) NOT NULL AUTO_INCREMENT ,
`order_id`  int(10) NOT NULL COMMENT '发货单ID' ,
`bar_code`  varchar(100) CHARACTER SET utf8 COLLATE utf8_general_ci NULL DEFAULT NULL COMMENT '条形码' ,
`goods_id`  int(10) NOT NULL COMMENT '物料号' ,
`needs`  int(10) NOT NULL DEFAULT 0 COMMENT '需求数量' ,
`sends`  int(10) NULL DEFAULT 0 COMMENT '发货数量' ,
`receives`  int(10) NULL DEFAULT 0 COMMENT '收货数量' ,
`remark`  varchar(255) CHARACTER SET utf8 COLLATE utf8_general_ci NULL DEFAULT NULL COMMENT '备注' ,
`create_by`  int(10) NULL DEFAULT NULL ,
`create_at`  timestamp NULL DEFAULT CURRENT_TIMESTAMP ,
`update_by`  int(10) NULL DEFAULT NULL ,
`update_at`  timestamp NULL DEFAULT CURRENT_TIMESTAMP ON UPDATE CURRENT_TIMESTAMP ,
`isvalid`  tinyint(1) NULL DEFAULT 1 ,
PRIMARY KEY (`id`),
INDEX `IN_ORDER_ID` (`order_id`) USING BTREE 
)
ENGINE=InnoDB
DEFAULT CHARACTER SET=utf8 COLLATE=utf8_general_ci
COMMENT='发货单物料明细'
AUTO_INCREMENT=47

;

-- ----------------------------
-- Records of order_detail
-- ----------------------------
BEGIN;
INSERT INTO `order_detail` VALUES ('1', '1', 'XBH5C4B46', '298', '20', '0', '0', null, '1', '2017-05-15 13:40:54', null, '2017-05-15 13:42:06', '1'), ('2', '1', 'XBH5C4B47', '298', '20', '0', '0', null, '1', '2017-05-15 13:41:21', null, '2017-05-15 13:42:07', '1'), ('3', '1', 'XBH5C4B48', '298', '20', '0', '0', null, '1', '2017-05-15 13:41:33', null, '2017-05-15 13:42:07', '1'), ('4', '2', 'XBH5C4B10', '298', '20', '0', '0', null, '1', '2017-06-01 12:02:15', null, '2017-06-07 13:54:41', '1'), ('5', '2', 'XBH5C4B11', '298', '20', '0', '0', null, '1', '2017-06-01 12:02:35', null, '2017-06-07 13:54:45', '1'), ('6', '2', 'XBH5C4B12', '298', '20', '0', '0', null, '1', '2017-06-01 12:02:48', null, '2017-06-07 13:54:41', '1'), ('7', '2', 'XBH5C4B13', '298', '20', '0', '0', null, '1', '2017-06-01 12:03:00', null, '2017-06-07 13:54:42', '1'), ('14', '22', 'XBH5RC37C', '12', '50', '0', '0', null, '1', '2017-06-07 12:00:50', null, '2017-06-07 12:00:50', '1'), ('15', '22', 'XBH5RC37B', '12', '100', '0', '0', null, '1', '2017-06-07 12:00:50', null, '2017-06-07 12:00:50', '1'), ('16', '22', 'XBH5RC37A', '12', '100', '0', '0', null, '1', '2017-06-07 12:00:50', null, '2017-06-07 12:00:50', '1'), ('17', '23', 'XBH6121B8', '68', '2', '2', '2', null, '1', '2017-06-07 12:00:50', '5', '2017-06-16 08:42:56', '1'), ('18', '23', 'XBH6121B8', '68', '14', '14', '14', null, '1', '2017-06-07 12:00:50', '5', '2017-06-16 08:42:57', '1'), ('19', '23', 'XBH6121B8', '68', '2', '2', '2', null, '1', '2017-06-07 12:00:50', '5', '2017-06-16 08:42:57', '1'), ('20', '27', null, '95', '20', '16', '20', null, '5', '2017-06-14 15:44:53', '5', '2017-06-15 17:02:43', '1'), ('21', '27', null, '96', '20', '20', '20', null, '5', '2017-06-14 15:44:53', null, '2017-06-14 15:44:53', '1'), ('22', '27', null, '97', '20', '20', '20', null, '5', '2017-06-14 15:44:53', null, '2017-06-14 15:44:53', '1'), ('23', '28', null, '297', '1', '1', '1', null, '5', '2017-06-14 15:47:27', null, '2017-06-14 15:47:27', '1'), ('24', '28', null, '298', '2', '2', '2', null, '5', '2017-06-14 15:47:27', null, '2017-06-14 15:47:27', '1'), ('25', '29', null, '116', '1', '1', '1', null, '5', '2017-06-14 15:52:46', null, '2017-06-14 15:52:46', '1'), ('26', '29', null, '126', '2', '2', '2', null, '5', '2017-06-14 15:52:46', null, '2017-06-14 15:52:46', '1'), ('27', '29', null, '123', '3', '3', '3', null, '5', '2017-06-14 15:52:46', null, '2017-06-14 15:52:46', '1'), ('28', '30', null, '142', '1', '1', '1', null, '5', '2017-06-14 16:45:04', null, '2017-06-14 16:45:04', '1'), ('29', '30', null, '145', '2', '2', '2', null, '5', '2017-06-14 16:45:04', null, '2017-06-14 16:45:04', '1'), ('30', '30', null, '147', '3', '3', '3', null, '5', '2017-06-14 16:45:04', null, '2017-06-14 16:45:04', '1'), ('31', '30', null, '149', '4', '4', '4', null, '5', '2017-06-14 16:45:04', null, '2017-06-14 16:45:04', '1'), ('32', '30', null, '146', '1', '1', '1', null, '5', '2017-06-14 16:45:04', null, '2017-06-14 16:45:04', '1'), ('33', '31', null, '16', '1', '0', '0', null, '5', '2017-06-14 16:55:17', '5', '2017-06-16 08:43:19', '1'), ('34', '31', null, '18', '2', '0', '2', null, '5', '2017-06-14 16:55:18', '5', '2017-06-15 17:23:14', '1'), ('35', '31', null, '19', '3', '0', '2', null, '5', '2017-06-14 16:55:18', '5', '2017-06-15 17:24:19', '1'), ('36', '32', null, '94', '1', '1', '1', null, '5', '2017-06-14 16:56:31', null, '2017-06-14 16:56:31', '1'), ('37', '33', null, '95', '1', '1', '1', null, '5', '2017-06-20 13:38:27', null, '2017-06-20 13:38:27', '1'), ('38', '34', null, '158', '2', '2', '2', null, '5', '2017-06-20 13:43:12', '9', '2017-06-22 08:39:26', '0'), ('39', '34', null, '157', '2', '2', '2', null, '5', '2017-06-20 13:43:12', '9', '2017-06-22 08:39:26', '0'), ('40', '34', null, '157', '2', '2', '2', null, '5', '2017-06-20 13:43:12', '9', '2017-06-22 08:39:26', '0'), ('41', '34', null, '159', '2', '0', '0', null, '5', '2017-06-20 13:43:12', '9', '2017-06-22 08:39:26', '0'), ('42', '35', null, '97', '2', '2', '2', null, '5', '2017-06-20 15:11:06', '5', '2017-06-20 15:12:42', '1'), ('43', '35', null, '98', '2', '1', '1', null, '5', '2017-06-20 15:11:06', '5', '2017-06-20 15:12:20', '1'), ('44', '35', null, '98', '2', '2', '2', null, '5', '2017-06-20 15:11:06', null, '2017-06-20 15:11:06', '1'), ('45', '36', null, '95', '20', '20', '18', null, '4', '2017-06-22 15:54:08', '1', '2017-06-22 16:01:36', '1'), ('46', '36', null, '98', '15', '10', '10', null, '4', '2017-06-22 15:54:08', '1', '2017-06-22 16:01:37', '1');
COMMIT;

-- ----------------------------
-- Table structure for order_status
-- ----------------------------
DROP TABLE IF EXISTS `order_status`;
CREATE TABLE `order_status` (
`id`  int(10) NOT NULL AUTO_INCREMENT ,
`order_id`  int(100) NOT NULL COMMENT '发货单ID' ,
`status`  varchar(32) CHARACTER SET utf8 COLLATE utf8_general_ci NULL DEFAULT NULL COMMENT '状态' ,
`create_by`  int(10) NULL DEFAULT NULL ,
`create_at`  timestamp NULL DEFAULT CURRENT_TIMESTAMP ,
`update_by`  int(10) NULL DEFAULT NULL ,
`update_at`  timestamp NULL DEFAULT CURRENT_TIMESTAMP ON UPDATE CURRENT_TIMESTAMP ,
`isvalid`  tinyint(1) NULL DEFAULT 1 ,
PRIMARY KEY (`id`)
)
ENGINE=InnoDB
DEFAULT CHARACTER SET=utf8 COLLATE=utf8_general_ci
COMMENT='发货单状态变更记录'
AUTO_INCREMENT=87

;

-- ----------------------------
-- Records of order_status
-- ----------------------------
BEGIN;
INSERT INTO `order_status` VALUES ('24', '1', 'create', '1', '2017-05-16 17:39:43', null, '2017-05-16 17:39:43', '1'), ('29', '1', 'receive', '1', '2017-05-16 21:50:04', null, '2017-05-16 21:50:04', '1'), ('30', '1', 'ready', '1', '2017-05-16 21:50:34', null, '2017-05-16 21:50:34', '1'), ('31', '1', 'check', '1', '2017-05-16 21:50:37', null, '2017-05-16 21:50:37', '1'), ('32', '1', 'send', '1', '2017-05-16 21:50:40', null, '2017-05-16 21:50:40', '1'), ('33', '1', 'delivery', '1', '2017-05-16 21:50:44', null, '2017-05-16 21:50:44', '1'), ('35', '1', 'done', '1', '2017-05-16 21:53:08', null, '2017-05-16 21:53:08', '1'), ('36', '2', 'create', '1', '2017-06-01 12:01:37', null, '2017-06-01 12:01:37', '1'), ('40', '22', 'create', '1', '2017-06-07 12:00:50', null, '2017-06-07 12:00:50', '1'), ('41', '23', 'create', '1', '2017-06-07 12:00:50', null, '2017-06-07 12:00:50', '1'), ('62', '2', 'send', '11', '2017-06-14 10:27:02', null, '2017-06-14 10:27:02', '1'), ('63', '22', 'send', '11', '2017-06-14 10:27:02', null, '2017-06-14 10:27:02', '1'), ('67', '27', 'create', '5', '2017-06-14 15:44:53', null, '2017-06-14 15:44:53', '1'), ('68', '28', 'create', '5', '2017-06-14 15:47:27', null, '2017-06-14 15:47:27', '1'), ('69', '29', 'create', '5', '2017-06-14 15:52:46', null, '2017-06-14 15:52:46', '1'), ('70', '30', 'create', '5', '2017-06-14 16:45:04', null, '2017-06-14 16:45:04', '1'), ('71', '31', 'create', '5', '2017-06-14 16:55:17', null, '2017-06-14 16:55:17', '1'), ('72', '32', 'create', '5', '2017-06-14 16:56:31', null, '2017-06-14 16:56:31', '1'), ('73', '33', 'create', '5', '2017-06-20 13:38:27', null, '2017-06-20 13:38:27', '1'), ('74', '34', 'create', '5', '2017-06-20 13:43:12', null, '2017-06-20 13:43:12', '1'), ('75', '35', 'create', '5', '2017-06-20 15:11:06', null, '2017-06-20 15:11:06', '1'), ('76', '35', 'receive', '6', '2017-06-20 15:14:09', null, '2017-06-20 15:14:09', '1'), ('77', '35', 'ready', '6', '2017-06-20 15:14:30', null, '2017-06-20 15:14:30', '1'), ('78', '35', 'check', '8', '2017-06-20 15:16:03', null, '2017-06-20 15:16:03', '1'), ('79', '35', 'delivery', '9', '2017-06-20 15:17:53', null, '2017-06-20 15:17:53', '1'), ('80', '35', 'done', '1', '2017-06-20 15:18:58', null, '2017-06-20 15:18:58', '1'), ('81', '36', 'create', '4', '2017-06-22 15:54:08', null, '2017-06-22 15:54:08', '1'), ('82', '36', 'receive', '6', '2017-06-22 15:56:42', null, '2017-06-22 15:56:42', '1'), ('83', '36', 'ready', '6', '2017-06-22 15:56:45', null, '2017-06-22 15:56:45', '1'), ('84', '36', 'check', '8', '2017-06-22 15:59:16', null, '2017-06-22 15:59:16', '1'), ('85', '36', 'delivery', '9', '2017-06-22 16:00:55', null, '2017-06-22 16:00:55', '1'), ('86', '36', 'done', '1', '2017-06-22 16:01:41', null, '2017-06-22 16:01:41', '1');
COMMIT;

-- ----------------------------
-- Table structure for person
-- ----------------------------
DROP TABLE IF EXISTS `person`;
CREATE TABLE `person` (
`id`  int(10) NOT NULL AUTO_INCREMENT ,
`person_code`  varchar(100) CHARACTER SET utf8 COLLATE utf8_general_ci NULL DEFAULT NULL COMMENT '人员工号' ,
`person_type`  enum('1','2','3') CHARACTER SET utf8 COLLATE utf8_general_ci NOT NULL COMMENT '人员类型  1: \"供货商员工\",2: \"需求方员工\",3: \"仓储员工\"' ,
`org_id`  int(10) NOT NULL COMMENT '所属组织ID' ,
`person_name`  varchar(32) CHARACTER SET utf8 COLLATE utf8_general_ci NOT NULL COMMENT '人员姓名' ,
`person_phone`  varchar(32) CHARACTER SET utf8 COLLATE utf8_general_ci NOT NULL COMMENT '人员电话--用作登录帐号' ,
`person_email`  varchar(256) CHARACTER SET utf8 COLLATE utf8_general_ci NULL DEFAULT NULL COMMENT '邮箱地址' ,
`person_dept`  varchar(256) CHARACTER SET utf8 COLLATE utf8_general_ci NULL DEFAULT NULL COMMENT '部门' ,
`person_password`  varchar(255) CHARACTER SET utf8 COLLATE utf8_general_ci NULL DEFAULT NULL COMMENT '登录密码' ,
`person_last_login`  datetime NULL DEFAULT NULL COMMENT '最后登录时间' ,
`person_ip_address`  varchar(255) CHARACTER SET utf8 COLLATE utf8_general_ci NULL DEFAULT NULL COMMENT '最后登录IP' ,
`person_title`  varchar(255) CHARACTER SET utf8 COLLATE utf8_general_ci NULL DEFAULT NULL COMMENT '人员职位' ,
`create_by`  int(10) NULL DEFAULT NULL ,
`create_at`  timestamp NULL DEFAULT CURRENT_TIMESTAMP ,
`update_by`  int(10) NULL DEFAULT NULL ,
`update_at`  timestamp NULL DEFAULT CURRENT_TIMESTAMP ON UPDATE CURRENT_TIMESTAMP ,
`isvalid`  tinyint(1) NULL DEFAULT 1 ,
PRIMARY KEY (`id`)
)
ENGINE=InnoDB
DEFAULT CHARACTER SET=utf8 COLLATE=utf8_general_ci
COMMENT='人员信息表'
AUTO_INCREMENT=14

;

-- ----------------------------
-- Records of person
-- ----------------------------
BEGIN;
INSERT INTO `person` VALUES ('1', 'P001', '3', '1', '客服', '18656060001', '000@188.com', '客服部', '3f3f567d3243855918f36c4dba8b79f370f2fee1f9ae699bfe56c7c191a04630bf69a219b0dc1339e1a0867750d6f171', '2017-06-22 16:01:21', '::1', '4', '1', '2017-04-28 10:33:57', '5', '2017-06-22 16:01:21', '1'), ('2', 'JH001', '2', '3', '李四', '18656069998', '', '', null, null, null, '', '1', '2017-04-28 16:30:42', '5', '2017-06-12 15:01:20', '1'), ('3', 'VE001', '1', '1', '张三', '18656069999', '', '物流部', null, null, null, '', '1', '2017-04-28 16:31:17', '5', '2017-06-12 15:01:14', '1'), ('4', 'P002', '3', '1', '计划员', '18656060002', '', '', '10b502c0954ac0d990cc1487ccb48ced2a22c68f057d3abaeb9f24f7bf68db89b49a2cc5786c48b80719f068f76649e3', '2017-06-22 15:51:56', '::1', '2', '1', '2017-05-03 14:28:37', '5', '2017-06-22 15:51:56', '1'), ('5', 'ADMIN', '3', '1', '超级管理员', 'admin', '', '', '4a0894d6e8f3b5c6ee0c519bcb98b6b7fd0affcb343ace3a093f29da4b2535604b61f0aebd60c0f0e49cc53adba3fffb', '2017-06-22 17:38:58', '::1', '1', '1', '2017-06-07 15:39:25', '5', '2017-06-22 17:38:58', '1'), ('6', 'P003', '3', '1', '库管', '18656060003', '', '', 'd8e1113a35c0cb7770b417aa88dd24285bbbc4b383c37853b769ef3cba03a4c6c14334a8c652d56bca4f2f910254ced7', '2017-06-22 15:56:07', '::1', '5', '1', '2017-06-07 15:41:46', '5', '2017-06-22 15:56:07', '1'), ('7', 'P004', '3', '1', '理货员', '18656060004', '', '', 'e8d685baeb84a4d317ebf7b28ab5b69c45e31a05311e4abb8e045c723fd4c8545e225a384452ab982bc280d260145045', '2017-06-20 14:26:07', '::1', '6', '5', '2017-06-12 15:01:05', '5', '2017-06-20 14:26:07', '1'), ('8', 'P005', '3', '1', '发货员', '18656060005', '', '', 'e1a52edbc54aaa3ea18e6ed16aef262f2f70be56b941a392bf7a49a409ef8f6ae5ea1522e426e829d437c857477cd41e', '2017-06-22 15:58:51', '::1', '7', '5', '2017-06-12 15:02:19', '5', '2017-06-22 15:58:51', '1'), ('9', 'P007', '3', '1', '跟单员', '18656060007', '', '', 'dab5ea23cfbfeea77ebc9cbb8c7e6826d1a0be59f848111bd48bcdd75981358b9883e05e53ff4ccf57d6a988a9a36161', '2017-06-22 16:00:44', '::1', '8', '5', '2017-06-12 15:03:05', '5', '2017-06-22 16:00:44', '1'), ('10', 'P006', '3', '1', '驾驶员', '18656060006', '', '', 'c0c07fdc0af95f19f4cf047535e2c4116b279dd2ee8af9145cf67b6950b9e57d2ce58f34bb661f211fbe540cf7a2c9d3', null, null, '3', '5', '2017-06-12 15:03:33', '5', '2017-06-20 14:19:50', '1'), ('11', 'T001', '3', '1', '微信测试', '18655105517', '', '', 'cdacc46dad3035e50550d8b54925e38011fe9b7f5d015de3426eb72f2076dd1cc5ef08883caae5536f5f7c2b86aff3ec', '2017-06-12 15:21:54', '::1', '7', '5', '2017-06-12 15:18:09', '11', '2017-06-14 11:10:43', '1'), ('12', 'VE002', '1', '1', '测试啊', '99999012', '', '', 'd96891d4be0fafc1a2c6903399d1637995e256b7516400e743eba7f9ebb7b531a67b0ed5b58679913178ed114029fa5b', null, null, '1', '5', '2017-06-14 17:16:28', '5', '2017-06-14 17:30:35', '1'), ('13', null, '1', '5', 'TEST', '23456', null, null, '01da3311ec9140364d05f3bbacfc871651078304b8bf711e820b23cce3b6458b6044e03da2942a7785b46460b52d6302', null, null, null, '5', '2017-06-20 12:17:15', '5', '2017-06-20 12:19:22', '0');
COMMIT;

-- ----------------------------
-- Table structure for receive
-- ----------------------------
DROP TABLE IF EXISTS `receive`;
CREATE TABLE `receive` (
`id`  int(10) NOT NULL AUTO_INCREMENT ,
`goods_id`  int(10) NOT NULL COMMENT '物料ID' ,
`count`  int(10) NOT NULL DEFAULT 0 COMMENT '收货数量' ,
`receive_date`  timestamp NOT NULL COMMENT '接收日期' ,
`remark`  text CHARACTER SET utf8 COLLATE utf8_general_ci NULL COMMENT '备注' ,
`create_by`  int(10) NULL DEFAULT NULL ,
`create_at`  timestamp NULL DEFAULT CURRENT_TIMESTAMP ,
`update_by`  int(10) NULL DEFAULT NULL ,
`update_at`  timestamp NULL DEFAULT CURRENT_TIMESTAMP ON UPDATE CURRENT_TIMESTAMP ,
`isvalid`  tinyint(1) NULL DEFAULT 1 ,
PRIMARY KEY (`id`),
INDEX `IN_GOOD_ID` (`goods_id`) USING BTREE 
)
ENGINE=InnoDB
DEFAULT CHARACTER SET=utf8 COLLATE=utf8_general_ci
COMMENT='收货信息'
AUTO_INCREMENT=81

;

-- ----------------------------
-- Records of receive
-- ----------------------------
BEGIN;
INSERT INTO `receive` VALUES ('32', '95', '12', '2017-05-16 00:00:00', null, '1', '2017-05-16 17:00:24', null, '2017-05-16 17:00:24', '1'), ('33', '162', '12', '2017-05-16 00:00:00', null, '1', '2017-05-16 17:01:04', null, '2017-05-16 17:01:04', '1'), ('34', '161', '12', '2017-05-16 00:00:00', null, '1', '2017-05-16 17:01:04', null, '2017-05-16 17:01:04', '1'), ('35', '162', '12', '2017-05-16 00:00:00', null, '1', '2017-05-16 17:01:04', null, '2017-05-16 17:01:04', '1'), ('36', '163', '12', '2017-05-16 00:00:00', null, '1', '2017-05-16 17:01:04', null, '2017-05-16 17:01:04', '1'), ('37', '165', '12', '2017-05-16 00:00:00', null, '1', '2017-05-16 17:01:04', null, '2017-05-16 17:01:04', '1'), ('38', '94', '300', '2017-05-16 00:00:00', null, '1', '2017-05-16 17:07:14', null, '2017-05-16 17:07:14', '1'), ('39', '298', '70', '2017-05-16 00:00:00', null, '1', '2017-05-16 21:22:01', null, '2017-05-16 21:22:01', '1'), ('40', '143', '20', '2017-05-16 00:00:00', null, '1', '2017-05-16 21:46:26', null, '2017-05-16 21:46:26', '1'), ('41', '298', '200', '2017-06-12 00:00:00', null, '5', '2017-06-12 12:57:33', null, '2017-06-12 12:57:33', '1'), ('42', '94', '30', '2017-06-14 00:00:00', null, '5', '2017-06-14 17:02:32', null, '2017-06-14 17:02:32', '1'), ('43', '95', '30', '2017-06-14 00:00:00', null, '5', '2017-06-14 17:03:24', null, '2017-06-14 17:03:24', '1'), ('44', '96', '23', '2017-06-14 00:00:00', null, '5', '2017-06-14 17:03:24', null, '2017-06-14 17:03:24', '1'), ('45', '97', '23', '2017-06-14 00:00:00', null, '5', '2017-06-14 17:03:24', null, '2017-06-14 17:03:24', '1'), ('46', '98', '23', '2017-06-14 00:00:00', null, '5', '2017-06-14 17:03:24', null, '2017-06-14 17:03:24', '1'), ('47', '99', '23', '2017-06-14 00:00:00', null, '5', '2017-06-14 17:03:24', null, '2017-06-14 17:03:24', '1'), ('48', '100', '23', '2017-06-14 00:00:00', null, '5', '2017-06-14 17:03:25', null, '2017-06-14 17:03:25', '1'), ('49', '98', '23', '2017-06-14 00:00:00', null, '5', '2017-06-14 17:03:25', null, '2017-06-14 17:03:25', '1'), ('50', '99', '23', '2017-06-14 00:00:00', null, '5', '2017-06-14 17:03:25', null, '2017-06-14 17:03:25', '1'), ('51', '100', '23', '2017-06-14 00:00:00', null, '5', '2017-06-14 17:03:28', null, '2017-06-14 17:03:28', '1'), ('52', '190', '222', '2017-06-16 00:00:00', null, '5', '2017-06-16 13:48:23', null, '2017-06-16 13:48:23', '1'), ('53', '97', '12', '2017-06-20 00:00:00', null, '5', '2017-06-20 13:05:53', null, '2017-06-20 13:05:53', '1'), ('54', '113', '32', '2017-06-20 00:00:00', null, '5', '2017-06-20 13:05:54', null, '2017-06-20 13:05:54', '1'), ('55', '116', '44', '2017-06-20 00:00:00', null, '5', '2017-06-20 13:05:54', null, '2017-06-20 13:05:54', '1'), ('56', '95', '1', '2017-06-20 00:00:00', null, '5', '2017-06-20 13:11:04', null, '2017-06-20 13:11:04', '1'), ('57', '96', '1', '2017-06-20 00:00:00', null, '5', '2017-06-20 13:11:04', null, '2017-06-20 13:11:04', '1'), ('58', '97', '1', '2017-06-20 00:00:00', null, '5', '2017-06-20 13:11:04', null, '2017-06-20 13:11:04', '1'), ('59', '98', '1', '2017-06-20 00:00:00', null, '5', '2017-06-20 13:11:04', null, '2017-06-20 13:11:04', '1'), ('60', '99', '1', '2017-06-20 00:00:00', null, '5', '2017-06-20 13:11:04', null, '2017-06-20 13:11:04', '1'), ('61', '103', '1', '2017-06-20 00:00:00', null, '5', '2017-06-20 13:11:05', null, '2017-06-20 13:11:05', '1'), ('62', '112', '1', '2017-06-20 00:00:00', null, '5', '2017-06-20 13:11:05', null, '2017-06-20 13:11:05', '1'), ('63', '113', '1', '2017-06-20 00:00:00', null, '5', '2017-06-20 13:11:05', null, '2017-06-20 13:11:05', '1'), ('64', '110', '1', '2017-06-20 00:00:00', null, '5', '2017-06-20 13:11:05', null, '2017-06-20 13:11:05', '1'), ('65', '116', '1', '2017-06-20 00:00:00', null, '5', '2017-06-20 13:11:05', null, '2017-06-20 13:11:05', '1'), ('66', '95', '9', '2017-06-20 00:00:00', null, '5', '2017-06-20 13:12:07', null, '2017-06-20 13:12:07', '1'), ('67', '95', '9', '2017-06-20 00:00:00', null, '5', '2017-06-20 13:12:07', null, '2017-06-20 13:12:07', '1'), ('68', '95', '1', '2017-06-20 00:00:00', null, '5', '2017-06-20 13:12:19', null, '2017-06-20 13:12:19', '1'), ('69', '183', '1', '2017-06-20 00:00:00', null, '5', '2017-06-20 15:04:24', null, '2017-06-20 15:04:24', '1'), ('70', '185', '1', '2017-06-20 00:00:00', null, '5', '2017-06-20 15:04:25', null, '2017-06-20 15:04:25', '1'), ('71', '20', '30', '2017-06-20 00:00:00', null, '5', '2017-06-20 15:05:02', null, '2017-06-20 15:05:02', '1'), ('72', '95', '1', '2017-06-20 12:23:00', null, '5', '2017-06-20 17:29:12', null, '2017-06-20 17:29:12', '1'), ('73', '96', '2', '2017-06-20 12:23:00', null, '5', '2017-06-20 17:29:12', null, '2017-06-20 17:29:12', '1'), ('74', '98', '2', '2017-06-20 12:23:00', null, '5', '2017-06-20 17:29:13', null, '2017-06-20 17:29:13', '1'), ('75', '100', '2', '2017-06-20 12:23:00', null, '5', '2017-06-20 17:29:13', null, '2017-06-20 17:29:13', '1'), ('76', '95', '20', '2017-06-22 08:00:00', null, '5', '2017-06-22 13:18:33', null, '2017-06-22 13:18:33', '1'), ('77', '96', '20', '2017-06-22 08:00:00', null, '5', '2017-06-22 13:18:33', null, '2017-06-22 13:18:33', '1'), ('78', '95', '2', '2017-06-22 08:00:00', null, '5', '2017-06-22 13:19:06', null, '2017-06-22 13:19:06', '1'), ('79', '95', '20', '2017-06-21 18:15:00', null, '1', '2017-06-22 15:46:53', null, '2017-06-22 15:46:53', '1'), ('80', '98', '30', '2017-06-21 18:15:00', null, '1', '2017-06-22 15:46:53', null, '2017-06-22 15:46:53', '1');
COMMIT;

-- ----------------------------
-- Table structure for returning
-- ----------------------------
DROP TABLE IF EXISTS `returning`;
CREATE TABLE `returning` (
`id`  int(10) NOT NULL AUTO_INCREMENT ,
`returning_code`  varchar(32) CHARACTER SET utf8 COLLATE utf8_general_ci NOT NULL COMMENT '单号' ,
`pic_url`  varchar(2000) CHARACTER SET utf8 COLLATE utf8_general_ci NULL DEFAULT NULL COMMENT '图片URL' ,
`status`  enum('create','receive','done') CHARACTER SET utf8 COLLATE utf8_general_ci NOT NULL COMMENT '订单状态' ,
`remark`  varchar(255) CHARACTER SET utf8 COLLATE utf8_general_ci NULL DEFAULT NULL COMMENT '备注' ,
`create_by`  int(10) NULL DEFAULT NULL ,
`create_at`  timestamp NULL DEFAULT CURRENT_TIMESTAMP ,
`update_by`  int(10) NULL DEFAULT NULL ,
`update_at`  timestamp NULL DEFAULT CURRENT_TIMESTAMP ON UPDATE CURRENT_TIMESTAMP ,
`isvalid`  tinyint(1) NULL DEFAULT 1 ,
PRIMARY KEY (`id`)
)
ENGINE=InnoDB
DEFAULT CHARACTER SET=utf8 COLLATE=utf8_general_ci
COMMENT='退货信息表'
AUTO_INCREMENT=15

;

-- ----------------------------
-- Records of returning
-- ----------------------------
BEGIN;
INSERT INTO `returning` VALUES ('11', '00163', 'static/images/image_error.jpg', 'done', '呵呵', '5', '2017-06-22 10:34:24', null, '2017-06-22 13:24:33', '1'), ('12', '00164', 'static/images/image_error.jpg', 'done', '哈哈', '5', '2017-06-22 12:30:47', null, '2017-06-22 13:42:09', '1'), ('13', '00165', 'static/images/image_error.jpg', 'done', 'test', '5', '2017-06-22 15:47:50', null, '2017-06-22 15:48:39', '1'), ('14', '00166', 'static/images/image_error.jpg', 'done', 'haha', '5', '2017-06-22 15:50:24', null, '2017-06-22 15:51:07', '1');
COMMIT;

-- ----------------------------
-- Table structure for returning_detail
-- ----------------------------
DROP TABLE IF EXISTS `returning_detail`;
CREATE TABLE `returning_detail` (
`id`  int(10) NOT NULL AUTO_INCREMENT ,
`returning_id`  int(10) NOT NULL ,
`returning_type`  enum('1','2') CHARACTER SET utf8 COLLATE utf8_general_ci NOT NULL COMMENT '退货类型 1:良品退货 2:不良品退货' ,
`goods_id`  int(11) NOT NULL COMMENT '物料ID' ,
`counts`  int(11) NULL DEFAULT 0 COMMENT '数量' ,
`returning_date`  date NOT NULL COMMENT '退货日期' ,
`remark`  varchar(255) CHARACTER SET utf8 COLLATE utf8_general_ci NULL DEFAULT NULL COMMENT '备注' ,
`create_by`  int(10) NULL DEFAULT NULL ,
`create_at`  timestamp NULL DEFAULT CURRENT_TIMESTAMP ,
`update_by`  int(10) NULL DEFAULT NULL ,
`update_at`  timestamp NULL DEFAULT CURRENT_TIMESTAMP ON UPDATE CURRENT_TIMESTAMP ,
`isvalid`  tinyint(1) NULL DEFAULT 1 ,
PRIMARY KEY (`id`)
)
ENGINE=InnoDB
DEFAULT CHARACTER SET=utf8 COLLATE=utf8_general_ci
COMMENT='退货信息表'
AUTO_INCREMENT=29

;

-- ----------------------------
-- Records of returning_detail
-- ----------------------------
BEGIN;
INSERT INTO `returning_detail` VALUES ('23', '11', '1', '3', '1', '2017-06-22', null, '5', '2017-06-22 13:24:33', null, '2017-06-22 13:24:33', '1'), ('24', '12', '1', '3', '1', '2017-06-22', null, '5', '2017-06-22 13:42:09', null, '2017-06-22 13:42:09', '1'), ('25', '13', '1', '95', '10', '2017-06-22', null, '1', '2017-06-22 15:48:39', null, '2017-06-22 15:48:39', '1'), ('26', '13', '1', '98', '10', '2017-06-22', null, '1', '2017-06-22 15:48:39', null, '2017-06-22 15:48:39', '1'), ('27', '14', '2', '95', '3', '2017-06-22', null, '1', '2017-06-22 15:51:07', null, '2017-06-22 15:51:07', '1'), ('28', '14', '2', '98', '3', '2017-06-22', null, '1', '2017-06-22 15:51:07', null, '2017-06-22 15:51:07', '1');
COMMIT;

-- ----------------------------
-- Table structure for role
-- ----------------------------
DROP TABLE IF EXISTS `role`;
CREATE TABLE `role` (
`id`  int(10) NOT NULL AUTO_INCREMENT ,
`role_name`  varchar(256) CHARACTER SET utf8 COLLATE utf8_general_ci NOT NULL COMMENT '角色名称' ,
`create_by`  int(10) NULL DEFAULT NULL ,
`create_at`  timestamp NULL DEFAULT CURRENT_TIMESTAMP ,
`update_by`  int(10) NULL DEFAULT NULL ,
`update_at`  timestamp NULL DEFAULT CURRENT_TIMESTAMP ON UPDATE CURRENT_TIMESTAMP ,
`isvalid`  tinyint(1) NULL DEFAULT 1 ,
PRIMARY KEY (`id`)
)
ENGINE=InnoDB
DEFAULT CHARACTER SET=utf8 COLLATE=utf8_general_ci
COMMENT='角色表'
AUTO_INCREMENT=24

;

-- ----------------------------
-- Records of role
-- ----------------------------
BEGIN;
INSERT INTO `role` VALUES ('1', '基础权限', '1', '2017-06-07 16:05:57', null, '2017-06-07 16:33:15', '1'), ('2', '系统管理员', '1', '2017-06-07 16:33:25', null, '2017-06-07 16:33:27', '1'), ('3', '测试', '1', '2017-06-07 16:52:33', null, '2017-06-07 16:52:33', '1'), ('4', '供应商主数据维护', '1', '2017-06-15 17:57:11', null, '2017-06-15 17:57:31', '1'), ('5', '需求方主数据维护', '1', '2017-06-15 17:57:42', null, '2017-06-15 17:58:00', '1'), ('6', '人员信息维护', '1', '2017-06-15 17:57:48', null, '2017-06-15 17:58:00', '1'), ('7', '车辆信息维护', '1', '2017-06-15 17:57:54', null, '2017-06-15 17:58:01', '1'), ('8', '车型信息维护', '1', '2017-06-15 17:57:59', null, '2017-06-15 17:58:05', '1'), ('9', '仓储库区信息维护', '1', '2017-06-15 17:58:12', null, '2017-06-15 17:58:29', '1'), ('10', '库区租赁信息维护', '1', '2017-06-15 17:58:23', null, '2017-06-15 17:59:45', '1'), ('11', '物料信息维护', '1', '2017-06-15 17:58:44', null, '2017-06-15 17:59:48', '1'), ('12', '收货维护', '1', '2017-06-15 17:59:01', null, '2017-06-15 17:59:57', '1'), ('13', '收货查询', '1', '2017-06-15 18:00:14', null, '2017-06-15 18:00:14', '1'), ('14', '发货单创建', '1', '2017-06-15 18:00:26', null, '2017-06-15 18:02:25', '1'), ('15', '发货数量修改', '1', '2017-06-15 18:00:37', null, '2017-06-15 18:02:25', '1'), ('16', '发货单验收确认', '1', '2017-06-15 18:01:16', null, '2017-06-15 18:02:25', '1'), ('17', '发货单查询', '1', '2017-06-15 18:01:35', null, '2017-06-15 18:02:28', '1'), ('18', '出库单打印', '1', '2017-06-15 18:06:19', null, '2017-06-22 15:43:16', '1'), ('19', '退货入库维护', '1', '2017-06-16 12:52:49', null, '2017-06-22 15:37:34', '1'), ('20', '退回单创建', '1', '2017-06-16 12:52:59', null, '2017-06-22 15:38:03', '1'), ('21', '库存查询', '1', '2017-06-19 10:08:26', null, '2017-06-19 10:08:32', '1'), ('22', '流水查询', '1', '2017-06-19 10:08:31', null, '2017-06-19 10:08:35', '1'), ('23', '退回单查看', '1', '2017-06-22 15:38:21', null, '2017-06-22 15:38:21', '1');
COMMIT;

-- ----------------------------
-- Table structure for role_auth
-- ----------------------------
DROP TABLE IF EXISTS `role_auth`;
CREATE TABLE `role_auth` (
`id`  int(10) NOT NULL AUTO_INCREMENT ,
`role_id`  int(10) NOT NULL COMMENT '角色ID' ,
`controller`  varchar(50) CHARACTER SET utf8 COLLATE utf8_general_ci NULL DEFAULT NULL COMMENT '控制器' ,
`function`  varchar(50) CHARACTER SET utf8 COLLATE utf8_general_ci NULL DEFAULT NULL COMMENT '函数' ,
`create_by`  int(10) NULL DEFAULT NULL ,
`create_at`  timestamp NULL DEFAULT CURRENT_TIMESTAMP ,
`update_by`  int(10) NULL DEFAULT NULL ,
`update_at`  timestamp NULL DEFAULT CURRENT_TIMESTAMP ON UPDATE CURRENT_TIMESTAMP ,
`isvalid`  tinyint(1) NULL DEFAULT 1 ,
PRIMARY KEY (`id`),
INDEX `IN_ROLE_ID` (`role_id`) USING BTREE 
)
ENGINE=InnoDB
DEFAULT CHARACTER SET=utf8 COLLATE=utf8_general_ci
COMMENT='角色权限对应表'
AUTO_INCREMENT=68

;

-- ----------------------------
-- Records of role_auth
-- ----------------------------
BEGIN;
INSERT INTO `role_auth` VALUES ('1', '4', 'Page', 'vendor', '1', '2017-06-07 16:06:21', null, '2017-06-15 18:03:06', '1'), ('2', '5', 'Page', 'customer', '1', '2017-06-07 16:06:33', null, '2017-06-15 18:03:12', '1'), ('3', '1', 'Page', 'home', '1', '2017-06-07 16:33:55', null, '2017-06-15 18:03:23', '1'), ('5', '8', 'Page', 'modelx', '1', '2017-06-07 16:43:44', null, '2017-06-15 18:03:52', '1'), ('6', '9', 'Page', 'warehouse', '1', '2017-06-07 16:43:44', null, '2017-06-15 18:03:58', '1'), ('7', '9', 'Page', 'stock', '1', '2017-06-07 16:43:44', null, '2017-06-15 18:03:59', '1'), ('8', '6', 'Page', 'person', '1', '2017-06-07 16:43:44', null, '2017-06-15 18:04:02', '1'), ('9', '11', 'Page', 'goods', '1', '2017-06-07 16:43:44', null, '2017-06-15 18:04:11', '1'), ('10', '7', 'Page', 'truck', '1', '2017-06-07 16:43:44', null, '2017-06-15 18:04:16', '1'), ('11', '10', 'Page', 'stockloan', '1', '2017-06-07 16:43:44', null, '2017-06-15 18:04:22', '1'), ('12', '12', 'Page', 'receive', '1', '2017-06-07 16:43:44', null, '2017-06-15 18:04:30', '1'), ('13', '13', 'Page', 'receivecheck', '1', '2017-06-07 16:43:44', null, '2017-06-15 18:04:31', '1'), ('14', '17', 'Page', 'order', '1', '2017-06-07 16:43:44', null, '2017-06-15 18:04:58', '1'), ('15', '2', 'Page', 'setting', '1', '2017-06-07 16:43:44', null, '2017-06-07 16:55:38', '1'), ('16', '2', 'Page', 'logs', '1', '2017-06-07 16:43:44', null, '2017-06-07 16:55:39', '1'), ('21', '1', 'Page', 'index', '1', '2017-06-07 16:43:44', null, '2017-06-08 09:43:48', '1'), ('27', '2', 'Menu', 'system', '1', '2017-06-08 08:42:33', null, '2017-06-08 08:45:13', '1'), ('28', '2', 'Menu', 'settings', '1', '2017-06-08 08:42:33', null, '2017-06-08 08:45:15', '1'), ('29', '8', 'Page', 'modelxdetail', '1', '2017-06-08 09:19:14', null, '2017-06-15 18:05:24', '1'), ('30', '9', 'Page', 'stockedit', '1', '2017-06-08 09:19:29', null, '2017-06-15 18:05:33', '1'), ('31', '17', 'Page', 'orderdetail', '1', '2017-06-08 09:19:36', null, '2017-06-15 18:05:59', '1'), ('32', '3', 'Page', 'blank', '1', '2017-06-08 09:57:38', null, '2017-06-20 13:17:59', '1'), ('33', '14', 'Page', 'ordercreate', '1', '2017-06-14 13:14:49', null, '2017-06-15 18:06:03', '1'), ('34', '18', 'Page', 'orderprint', '1', '2017-06-15 08:53:14', null, '2017-06-15 18:06:38', '1'), ('35', '15', 'Page', 'orderedit', '1', '2017-06-15 16:10:31', null, '2017-06-15 18:06:49', '1'), ('36', '16', 'Page', 'orderconfirm', '1', '2017-06-15 17:20:07', null, '2017-06-15 18:06:59', '1'), ('37', '4', 'Menu', 'mdata', '1', '2017-06-15 18:20:10', null, '2017-06-15 18:20:10', '1'), ('38', '5', 'Menu', 'mdata', '1', '2017-06-15 18:20:10', null, '2017-06-15 18:20:10', '1'), ('39', '6', 'Menu', 'mdata', '1', '2017-06-15 18:20:10', null, '2017-06-15 18:20:10', '1'), ('40', '7', 'Menu', 'mdata', '1', '2017-06-15 18:20:10', null, '2017-06-15 18:20:10', '1'), ('41', '8', 'Menu', 'mdata', '1', '2017-06-15 18:20:10', null, '2017-06-15 18:20:10', '1'), ('42', '9', 'Menu', 'mdata', '1', '2017-06-15 18:20:10', null, '2017-06-15 18:20:10', '1'), ('43', '10', 'Menu', 'mdata', '1', '2017-06-15 18:20:10', null, '2017-06-15 18:20:10', '1'), ('44', '11', 'Menu', 'mdata', '1', '2017-06-15 18:20:10', null, '2017-06-15 18:20:10', '1'), ('45', '12', 'Menu', 'receives', '1', '2017-06-15 18:20:10', null, '2017-06-15 18:20:10', '1'), ('46', '13', 'Menu', 'receives', '1', '2017-06-15 18:20:10', null, '2017-06-15 18:20:10', '1'), ('47', '14', 'Menu', 'send', '1', '2017-06-15 18:20:10', null, '2017-06-15 18:20:10', '1'), ('48', '15', 'Menu', 'send', '1', '2017-06-15 18:20:10', null, '2017-06-15 18:20:10', '1'), ('49', '16', 'Menu', 'send', '1', '2017-06-15 18:20:10', null, '2017-06-15 18:20:10', '1'), ('50', '17', 'Menu', 'send', '1', '2017-06-15 18:20:10', null, '2017-06-15 18:20:10', '1'), ('51', '18', 'Menu', 'send', '1', '2017-06-15 18:20:10', null, '2017-06-15 18:20:10', '1'), ('52', '2', 'Menu', 'system', '1', '2017-06-15 18:20:10', null, '2017-06-15 18:20:10', '1'), ('53', '2', 'Menu', 'settings', '1', '2017-06-15 18:20:10', null, '2017-06-15 18:20:10', '1'), ('54', '3', 'Menu', 'report', '1', '2017-06-15 18:24:29', null, '2017-06-15 18:24:29', '1'), ('55', '19', 'Menu', 'receives', '1', '2017-06-15 18:24:39', null, '2017-06-22 15:37:47', '1'), ('57', '19', 'Page', 'returning', '1', '2017-06-16 12:54:20', null, '2017-06-16 12:54:32', '1'), ('58', '23', 'Page', 'back', '1', '2017-06-16 12:54:29', null, '2017-06-22 15:39:20', '1'), ('59', '21', 'Page', 'inventory', '1', '2017-06-19 10:09:03', null, '2017-06-19 10:09:03', '1'), ('60', '22', 'Page', 'record', '1', '2017-06-19 10:09:10', null, '2017-06-19 10:09:11', '1'), ('61', '1', 'Page', 'password', '1', '2017-06-20 16:27:52', null, '2017-06-20 16:27:52', '1'), ('62', '1', 'Menu', 'settings', '1', '2017-06-20 16:27:57', null, '2017-06-20 16:27:59', '1'), ('63', '20', 'Page', 'backcreate', '1', '2017-06-20 17:36:10', null, '2017-06-20 17:37:00', '1'), ('64', '20', 'Menu', 'order', '1', '2017-06-20 17:36:59', null, '2017-06-20 17:37:01', '1'), ('65', '23', 'Menu', 'order', '1', '2017-06-22 15:39:25', null, '2017-06-22 15:39:29', '1'), ('66', '21', 'Menu', 'report', '1', '2017-06-22 15:45:13', null, '2017-06-22 15:45:18', '1'), ('67', '22', 'Menu', 'report', '1', '2017-06-22 15:45:15', null, '2017-06-22 15:45:20', '1');
COMMIT;

-- ----------------------------
-- Table structure for stock
-- ----------------------------
DROP TABLE IF EXISTS `stock`;
CREATE TABLE `stock` (
`id`  int(10) NOT NULL AUTO_INCREMENT ,
`warehouse_id`  int(10) NOT NULL COMMENT '仓储ID' ,
`stock_code`  varchar(100) CHARACTER SET utf8 COLLATE utf8_general_ci NOT NULL COMMENT '库区代码' ,
`stock_name`  varchar(256) CHARACTER SET utf8 COLLATE utf8_general_ci NOT NULL COMMENT '库区名称' ,
`stock_area`  decimal(10,2) NULL DEFAULT 0.00 COMMENT '库区面积' ,
`create_by`  int(10) NULL DEFAULT NULL ,
`create_at`  timestamp NULL DEFAULT CURRENT_TIMESTAMP ,
`update_by`  int(10) NULL DEFAULT NULL ,
`update_at`  timestamp NULL DEFAULT CURRENT_TIMESTAMP ON UPDATE CURRENT_TIMESTAMP ,
`isvalid`  tinyint(1) NULL DEFAULT 1 ,
PRIMARY KEY (`id`)
)
ENGINE=InnoDB
DEFAULT CHARACTER SET=utf8 COLLATE=utf8_general_ci
COMMENT='库区信息表'
AUTO_INCREMENT=7

;

-- ----------------------------
-- Records of stock
-- ----------------------------
BEGIN;
INSERT INTO `stock` VALUES ('1', '1', 'ST01', '一号库', '1895.00', '1', '2017-04-30 18:58:46', '5', '2017-06-20 12:00:03', '1'), ('2', '1', 'ST02', '二号库', '1234.00', '1', '2017-05-02 11:25:17', '5', '2017-06-20 14:49:04', '1'), ('3', '2', 'ST03', '三号库', '1345.00', '1', '2017-05-02 11:27:44', '1', '2017-05-02 12:21:44', '1'), ('4', '2', 'ST04', '四号库', '1876.00', '1', '2017-05-02 11:31:01', '1', '2017-05-02 14:04:21', '1'), ('5', '1', 'ST05', '五号库', '1988.76', '1', '2017-05-02 11:38:27', '1', '2017-05-03 14:40:10', '1'), ('6', '1', 'ST06', 'test2', '1823.99', '5', '2017-06-20 12:06:16', '5', '2017-06-20 12:14:41', '0');
COMMIT;

-- ----------------------------
-- Table structure for stock_admin
-- ----------------------------
DROP TABLE IF EXISTS `stock_admin`;
CREATE TABLE `stock_admin` (
`id`  int(10) NOT NULL AUTO_INCREMENT ,
`stock_id`  int(10) NOT NULL COMMENT '库区ID' ,
`person_id`  int(10) NOT NULL COMMENT '人员ID' ,
`type`  enum('1','2') CHARACTER SET utf8 COLLATE utf8_general_ci NOT NULL COMMENT '类型 1:管理员 2:理货员' ,
`create_by`  int(10) NULL DEFAULT NULL ,
`create_at`  timestamp NULL DEFAULT CURRENT_TIMESTAMP ,
`update_by`  int(10) NULL DEFAULT NULL ,
`update_at`  timestamp NULL DEFAULT CURRENT_TIMESTAMP ON UPDATE CURRENT_TIMESTAMP ,
`isvalid`  tinyint(1) NULL DEFAULT 1 ,
PRIMARY KEY (`id`)
)
ENGINE=InnoDB
DEFAULT CHARACTER SET=utf8 COLLATE=utf8_general_ci
COMMENT='库区人员对应表'
AUTO_INCREMENT=45

;

-- ----------------------------
-- Records of stock_admin
-- ----------------------------
BEGIN;
INSERT INTO `stock_admin` VALUES ('2', '2', '2', '1', null, '2017-05-02 11:25:17', null, '2017-05-03 14:29:02', '0'), ('3', '3', '2', '1', null, '2017-05-02 11:27:44', null, '2017-05-02 12:21:44', '0'), ('4', '4', '3', '1', null, '2017-05-02 11:31:01', null, '2017-05-02 14:04:21', '0'), ('5', '4', '1', '2', null, '2017-05-02 11:31:01', null, '2017-05-02 14:04:21', '0'), ('6', '4', '3', '2', null, '2017-05-02 11:31:01', null, '2017-05-02 14:04:21', '0'), ('7', '5', '2', '1', null, '2017-05-02 11:38:27', '1', '2017-05-02 12:37:43', '0'), ('8', '5', '1', '2', null, '2017-05-02 11:38:27', '1', '2017-05-02 12:37:43', '0'), ('9', '5', '2', '2', null, '2017-05-02 11:38:27', '1', '2017-05-02 12:37:43', '0'), ('10', '5', '3', '2', null, '2017-05-02 11:38:27', '1', '2017-05-02 12:37:43', '0'), ('11', '5', '2', '1', null, '2017-05-02 11:40:19', '1', '2017-05-02 12:37:43', '0'), ('12', '5', '2', '2', null, '2017-05-02 11:40:19', '1', '2017-05-02 12:37:43', '0'), ('13', '5', '3', '2', null, '2017-05-02 11:40:19', '1', '2017-05-02 12:37:43', '0'), ('14', '3', '2', '1', null, '2017-05-02 12:21:44', null, '2017-05-02 12:36:35', '0'), ('15', '5', '2', '1', null, '2017-05-02 12:35:38', '1', '2017-05-02 12:37:43', '0'), ('16', '5', '1', '2', null, '2017-05-02 12:35:38', '1', '2017-05-02 12:37:43', '0'), ('17', '5', '2', '2', null, '2017-05-02 12:35:38', '1', '2017-05-02 12:37:43', '0'), ('18', '5', '3', '2', null, '2017-05-02 12:35:38', '1', '2017-05-02 12:37:43', '0'), ('19', '1', '1', '1', null, '2017-05-02 12:36:21', null, '2017-05-03 14:35:31', '0'), ('20', '1', '1', '2', null, '2017-05-02 12:36:21', null, '2017-05-03 14:35:31', '0'), ('21', '1', '3', '2', null, '2017-05-02 12:36:21', null, '2017-05-03 14:35:31', '0'), ('22', '3', '2', '1', null, '2017-05-02 12:36:35', null, '2017-05-02 12:36:35', '1'), ('23', '4', '3', '1', null, '2017-05-02 14:04:21', null, '2017-05-02 14:04:21', '1'), ('24', '4', '1', '2', null, '2017-05-02 14:04:21', null, '2017-05-02 14:04:21', '1'), ('25', '4', '2', '2', null, '2017-05-02 14:04:21', null, '2017-05-02 14:04:21', '1'), ('26', '2', '2', '1', null, '2017-05-03 14:29:02', null, '2017-06-20 14:49:04', '0'), ('27', '2', '1', '2', null, '2017-05-03 14:29:02', null, '2017-06-20 14:49:04', '0'), ('28', '2', '4', '2', null, '2017-05-03 14:29:02', null, '2017-06-20 14:49:04', '0'), ('29', '1', '1', '1', null, '2017-05-03 14:35:31', null, '2017-06-20 12:00:03', '0'), ('30', '1', '1', '2', null, '2017-05-03 14:35:31', null, '2017-06-20 12:00:03', '0'), ('31', '1', '3', '2', null, '2017-05-03 14:35:31', null, '2017-06-20 12:00:03', '0'), ('32', '1', '1', '1', null, '2017-06-20 12:00:03', null, '2017-06-20 12:00:03', '1'), ('33', '1', '1', '2', null, '2017-06-20 12:00:03', null, '2017-06-20 12:00:03', '1'), ('34', '1', '3', '2', null, '2017-06-20 12:00:03', null, '2017-06-20 12:00:03', '1'), ('35', '6', '4', '1', null, '2017-06-20 12:10:02', '5', '2017-06-20 12:14:41', '0'), ('36', '6', '4', '1', null, '2017-06-20 12:13:43', '5', '2017-06-20 12:14:41', '0'), ('37', '6', '8', '2', null, '2017-06-20 12:13:43', '5', '2017-06-20 12:14:41', '0'), ('38', '6', '10', '2', null, '2017-06-20 12:13:43', '5', '2017-06-20 12:14:41', '0'), ('39', '6', '4', '1', null, '2017-06-20 12:14:05', '5', '2017-06-20 12:14:41', '0'), ('40', '6', '8', '2', null, '2017-06-20 12:14:05', '5', '2017-06-20 12:14:41', '0'), ('41', '6', '10', '2', null, '2017-06-20 12:14:05', '5', '2017-06-20 12:14:41', '0'), ('42', '2', '2', '1', null, '2017-06-20 14:49:04', null, '2017-06-20 14:49:04', '1'), ('43', '2', '1', '2', null, '2017-06-20 14:49:04', null, '2017-06-20 14:49:04', '1'), ('44', '2', '4', '2', null, '2017-06-20 14:49:04', null, '2017-06-20 14:49:04', '1');
COMMIT;

-- ----------------------------
-- Table structure for stock_loan
-- ----------------------------
DROP TABLE IF EXISTS `stock_loan`;
CREATE TABLE `stock_loan` (
`id`  int(10) NOT NULL AUTO_INCREMENT ,
`stock_id`  int(10) NOT NULL COMMENT '库区ID' ,
`vendor_id`  int(10) NOT NULL COMMENT '供应商ID' ,
`price`  decimal(10,2) NULL DEFAULT 0.00 COMMENT '单价' ,
`area`  decimal(10,2) NULL DEFAULT 0.00 COMMENT '面积' ,
`remark`  varchar(512) CHARACTER SET utf8 COLLATE utf8_general_ci NULL DEFAULT NULL COMMENT '备注' ,
`create_by`  int(10) NULL DEFAULT NULL ,
`create_at`  timestamp NULL DEFAULT CURRENT_TIMESTAMP ,
`update_by`  int(10) NULL DEFAULT NULL ,
`update_at`  timestamp NULL DEFAULT CURRENT_TIMESTAMP ON UPDATE CURRENT_TIMESTAMP ,
`isvalid`  tinyint(1) NULL DEFAULT 1 ,
PRIMARY KEY (`id`)
)
ENGINE=InnoDB
DEFAULT CHARACTER SET=utf8 COLLATE=utf8_general_ci
COMMENT='库区租赁信息表'
AUTO_INCREMENT=28

;

-- ----------------------------
-- Records of stock_loan
-- ----------------------------
BEGIN;
INSERT INTO `stock_loan` VALUES ('2', '2', '4', '3000.00', '60.00', null, null, '2017-05-16 15:41:09', null, '2017-05-16 15:41:09', '1'), ('3', '3', '4', '3000.00', '60.00', null, null, '2017-05-16 15:41:09', null, '2017-05-16 15:41:09', '1'), ('4', '3', '5', '3000.00', '60.00', null, null, '2017-05-16 15:41:09', null, '2017-05-16 15:41:09', '1'), ('5', '3', '6', '3000.00', '60.00', null, null, '2017-05-16 15:41:09', null, '2017-05-16 15:41:09', '1'), ('6', '2', '7', '3000.00', '60.00', null, null, '2017-05-16 15:41:09', null, '2017-05-16 15:41:09', '1'), ('7', '5', '8', '3000.00', '60.00', null, null, '2017-05-16 15:41:09', null, '2017-05-16 15:41:09', '1'), ('8', '1', '9', '3000.00', '60.00', null, null, '2017-05-16 15:41:09', null, '2017-05-16 15:41:09', '1'), ('9', '3', '10', '3000.00', '60.00', null, null, '2017-05-16 15:41:09', null, '2017-05-16 15:41:09', '1'), ('10', '5', '11', '3000.00', '60.00', null, null, '2017-05-16 15:41:09', null, '2017-05-16 15:41:09', '1'), ('11', '5', '12', '3000.00', '60.00', null, null, '2017-05-16 15:41:09', null, '2017-05-16 15:41:09', '1'), ('12', '1', '13', '3000.00', '60.00', null, null, '2017-05-16 15:41:09', null, '2017-05-16 15:41:09', '1'), ('13', '2', '14', '3000.00', '60.00', null, null, '2017-05-16 15:41:09', null, '2017-05-16 15:41:09', '1'), ('14', '3', '15', '3000.00', '60.00', null, null, '2017-05-16 15:41:09', null, '2017-05-16 15:41:09', '1'), ('15', '4', '15', '3000.00', '60.00', null, null, '2017-05-16 15:41:09', null, '2017-05-16 15:41:09', '1'), ('16', '3', '16', '3000.00', '60.00', null, null, '2017-05-16 15:41:09', null, '2017-05-16 15:41:09', '1'), ('17', '1', '17', '3000.00', '60.00', null, null, '2017-05-16 15:41:09', null, '2017-05-16 15:41:09', '1'), ('18', '3', '18', '3000.00', '60.00', null, null, '2017-05-16 15:41:09', null, '2017-05-16 15:41:09', '1'), ('19', '1', '19', '3000.00', '60.00', null, null, '2017-05-16 15:41:09', null, '2017-05-16 15:41:09', '1'), ('20', '2', '19', '3000.00', '60.00', null, null, '2017-05-16 15:41:09', null, '2017-05-16 15:41:09', '1'), ('21', '1', '20', '3000.00', '60.00', null, null, '2017-05-16 15:41:09', null, '2017-05-16 15:41:09', '1'), ('22', '1', '21', '3000.00', '60.00', null, null, '2017-05-16 15:41:09', null, '2017-05-16 15:41:09', '1'), ('23', '3', '22', '3000.00', '60.00', null, null, '2017-05-16 15:41:09', null, '2017-05-16 15:41:09', '1'), ('24', '1', '23', '3000.00', '60.00', null, null, '2017-05-16 15:41:09', null, '2017-05-16 15:41:09', '1'), ('25', '4', '24', '3000.00', '60.00', null, null, '2017-05-16 15:41:09', null, '2017-05-16 15:41:09', '1'), ('26', '5', '24', '3000.00', '60.00', null, null, '2017-05-16 15:41:09', null, '2017-05-16 15:41:09', '1'), ('27', '1', '3', '2.00', '0.00', '', '5', '2017-06-20 12:53:47', '5', '2017-06-20 12:57:44', '1');
COMMIT;

-- ----------------------------
-- Table structure for system_login_records
-- ----------------------------
DROP TABLE IF EXISTS `system_login_records`;
CREATE TABLE `system_login_records` (
`id`  int(11) NOT NULL AUTO_INCREMENT ,
`account`  varchar(255) CHARACTER SET utf8 COLLATE utf8_general_ci NULL DEFAULT NULL COMMENT '帐号' ,
`ip`  varchar(255) CHARACTER SET utf8 COLLATE utf8_general_ci NULL DEFAULT NULL COMMENT 'IP地址' ,
`ldate`  datetime NULL DEFAULT NULL COMMENT '登录时间' ,
PRIMARY KEY (`id`)
)
ENGINE=InnoDB
DEFAULT CHARACTER SET=utf8 COLLATE=utf8_general_ci
COMMENT='用户登录记录'
AUTO_INCREMENT=511

;

-- ----------------------------
-- Records of system_login_records
-- ----------------------------
BEGIN;
INSERT INTO `system_login_records` VALUES ('439', '18656060001', '::1', '2017-06-20 14:19:13'), ('440', '18656060001', '::1', '2017-06-20 14:19:20'), ('441', '18656060002', '::1', '2017-06-20 14:19:28'), ('442', 'admin', '::1', '2017-06-20 14:19:36'), ('443', '18656060001', '::1', '2017-06-20 14:20:48'), ('444', '18656060001', '::1', '2017-06-20 14:21:36'), ('445', '18656060002', '::1', '2017-06-20 14:22:32'), ('446', '18656060001', '::1', '2017-06-20 14:25:11'), ('447', '18656060001', '::1', '2017-06-20 14:25:14'), ('448', '18656060003', '::1', '2017-06-20 14:25:33'), ('449', '18656060004', '::1', '2017-06-20 14:26:07'), ('450', '18656060005', '::1', '2017-06-20 14:26:24'), ('451', 'admin', '::1', '2017-06-20 14:26:37'), ('452', 'admin', '::1', '2017-06-20 14:46:06'), ('453', '18656060003', '::1', '2017-06-20 15:13:57'), ('454', '18656060005', '::1', '2017-06-20 15:14:55'), ('455', '18656060005', '::1', '2017-06-20 15:15:57'), ('456', '18656060007', '::1', '2017-06-20 15:17:42'), ('457', '18656060007', '::1', '2017-06-20 15:17:47'), ('458', '18656060001', '::1', '2017-06-20 15:18:14'), ('459', 'admin', '::1', '2017-06-20 15:19:31'), ('460', 'admin', '::1', '2017-06-20 16:28:03'), ('461', 'admin', '::1', '2017-06-20 16:51:58'), ('462', 'admin', '::1', '2017-06-20 16:53:04'), ('463', 'admin', '::1', '2017-06-20 16:58:25'), ('464', 'admin', '::1', '2017-06-20 16:59:17'), ('465', 'admin', '::1', '2017-06-20 16:59:54'), ('466', 'admin', '::1', '2017-06-20 17:09:31'), ('467', 'admin', '::1', '2017-06-20 17:27:50'), ('468', 'admin', '::1', '2017-06-20 17:37:05'), ('469', 'admin', '::1', '2017-06-20 18:16:54'), ('470', 'admin', '::1', '2017-06-20 18:18:06'), ('471', 'admin', '::1', '2017-06-21 14:58:09'), ('472', 'admin', '::1', '2017-06-21 15:06:20'), ('473', 'admin', '::1', '2017-06-21 16:17:10'), ('474', 'admin', '::1', '2017-06-21 16:20:41'), ('475', 'admin', '::1', '2017-06-21 16:23:32'), ('476', 'admin', '::1', '2017-06-21 17:08:39'), ('477', 'admin', '::1', '2017-06-21 17:25:49'), ('478', 'admin', '::1', '2017-06-21 17:32:11'), ('479', 'admin', '::1', '2017-06-21 17:33:00'), ('480', 'admin', '::1', '2017-06-21 17:33:58'), ('481', 'admin', '::1', '2017-06-22 07:56:26'), ('482', 'admin', '::1', '2017-06-22 08:12:18'), ('483', 'admin', '::1', '2017-06-22 08:23:24'), ('484', '18656060007', '::1', '2017-06-22 08:39:18'), ('485', 'admin', '::1', '2017-06-22 08:39:36'), ('486', '18656060001', '::1', '2017-06-22 09:09:18'), ('487', 'admin', '::1', '2017-06-22 09:11:02'), ('488', 'admin', '::1', '2017-06-22 09:39:35'), ('489', 'admin', '::1', '2017-06-22 11:11:57'), ('490', 'admin', '::1', '2017-06-22 12:10:49'), ('491', 'admin', '::1', '2017-06-22 12:36:57'), ('492', 'admin', '::1', '2017-06-22 12:41:33'), ('493', 'admin', '::1', '2017-06-22 13:02:01'), ('494', '18656060001', '::1', '2017-06-22 13:11:14'), ('495', 'admin', '::1', '2017-06-22 13:12:37'), ('496', 'admin', '::1', '2017-06-22 13:35:25'), ('497', 'admin', '::1', '2017-06-22 13:37:28'), ('498', 'admin', '::1', '2017-06-22 13:48:08'), ('499', 'admin', '::1', '2017-06-22 13:48:58'), ('500', 'admin', '::1', '2017-06-22 15:34:24'), ('501', '18656060001', '::1', '2017-06-22 15:44:42'), ('502', '18656060001', '::1', '2017-06-22 15:45:35'), ('503', '18656060002', '::1', '2017-06-22 15:51:56'), ('504', '18656060003', '::1', '2017-06-22 15:56:03'), ('505', '18656060003', '::1', '2017-06-22 15:56:07'), ('506', '18656060005', '::1', '2017-06-22 15:58:51'), ('507', 'admin', '::1', '2017-06-22 15:59:40'), ('508', '18656060007', '::1', '2017-06-22 16:00:44'), ('509', '18656060001', '::1', '2017-06-22 16:01:21'), ('510', 'admin', '::1', '2017-06-22 17:38:55');
COMMIT;

-- ----------------------------
-- Table structure for system_logs
-- ----------------------------
DROP TABLE IF EXISTS `system_logs`;
CREATE TABLE `system_logs` (
`id`  int(11) NOT NULL AUTO_INCREMENT ,
`log_level`  tinyint(2) NULL DEFAULT 0 COMMENT '错误级别' ,
`log_info`  text CHARACTER SET utf8 COLLATE utf8_general_ci NULL COMMENT '错误信息' ,
`log_url`  varchar(255) CHARACTER SET utf8 COLLATE utf8_general_ci NULL DEFAULT NULL COMMENT '发生URL' ,
`log_time`  timestamp NULL DEFAULT CURRENT_TIMESTAMP COMMENT '时间' ,
`log_ip`  varchar(255) CHARACTER SET utf8 COLLATE utf8_general_ci NULL DEFAULT NULL COMMENT 'IP地址' ,
PRIMARY KEY (`id`)
)
ENGINE=InnoDB
DEFAULT CHARACTER SET=utf8 COLLATE=utf8_general_ci
COMMENT='系统日志'
AUTO_INCREMENT=1213

;

-- ----------------------------
-- Records of system_logs
-- ----------------------------
BEGIN;
INSERT INTO `system_logs` VALUES ('1128', '0', '登录成功 admin', 'http://localhost/YX_SMW/?/Index/checkLogin/', '2017-06-20 14:19:37', '::1'), ('1129', '0', '登录成功 18656060001', 'http://localhost/YX_SMW/?/Index/checkLogin/', '2017-06-20 14:20:48', '::1'), ('1130', '0', '登录成功 18656060001', 'http://localhost/YX_SMW/?/Index/checkLogin/', '2017-06-20 14:21:37', '::1'), ('1131', '0', '登录成功 18656060002', 'http://localhost/YX_SMW/?/Index/checkLogin/', '2017-06-20 14:22:33', '::1'), ('1132', '0', '登录成功 18656060001', 'http://localhost/YX_SMW/?/Index/checkLogin/', '2017-06-20 14:25:14', '::1'), ('1133', '0', '登录成功 18656060003', 'http://localhost/YX_SMW/?/Index/checkLogin/', '2017-06-20 14:25:33', '::1'), ('1134', '0', '登录成功 18656060004', 'http://localhost/YX_SMW/?/Index/checkLogin/', '2017-06-20 14:26:08', '::1'), ('1135', '0', '登录成功 18656060005', 'http://localhost/YX_SMW/?/Index/checkLogin/', '2017-06-20 14:26:24', '::1'), ('1136', '0', '登录成功 admin', 'http://localhost/YX_SMW/?/Index/checkLogin/', '2017-06-20 14:26:37', '::1'), ('1137', '0', '登录成功 admin', 'http://localhost/YX_SMW/?/Index/checkLogin/', '2017-06-20 14:46:06', '::1'), ('1138', '0', '登录成功 18656060003', 'http://localhost/YX_SMW/?/Index/checkLogin/', '2017-06-20 15:13:57', '::1'), ('1139', '0', '登录成功 18656060005', 'http://localhost/YX_SMW/?/Index/checkLogin/', '2017-06-20 15:14:55', '::1'), ('1140', '0', '登录成功 18656060005', 'http://localhost/YX_SMW/?/Index/checkLogin/', '2017-06-20 15:15:58', '::1'), ('1141', '0', '登录成功 18656060007', 'http://localhost/YX_SMW/?/Index/checkLogin/', '2017-06-20 15:17:47', '::1'), ('1142', '0', '登录成功 18656060001', 'http://localhost/YX_SMW/?/Index/checkLogin/', '2017-06-20 15:18:14', '::1'), ('1143', '0', '登录成功 admin', 'http://localhost/YX_SMW/?/Index/checkLogin/', '2017-06-20 15:19:31', '::1'), ('1144', '0', '登录成功 admin', 'http://localhost/YX_SMW/?/Index/checkLogin/', '2017-06-20 16:28:03', '::1'), ('1145', '0', '登录成功 admin', 'http://localhost/YX_SMW/?/Index/checkLogin/', '2017-06-20 16:52:00', '::1'), ('1146', '0', '登录成功 admin', 'http://localhost/YX_SMW/?/Index/checkLogin/', '2017-06-20 16:53:04', '::1'), ('1147', '0', '登录成功 admin', 'http://localhost/YX_SMW/?/Index/checkLogin/', '2017-06-20 16:58:26', '::1'), ('1148', '0', '登录成功 admin', 'http://localhost/YX_SMW/?/Index/checkLogin/', '2017-06-20 16:59:17', '::1'), ('1149', '0', '登录成功 admin', 'http://localhost/YX_SMW/?/Index/checkLogin/', '2017-06-20 16:59:54', '::1'), ('1150', '0', '登录成功 admin', 'http://localhost/YX_SMW/?/Index/checkLogin/', '2017-06-20 17:09:31', '::1'), ('1151', '0', '登录成功 admin', 'http://localhost/YX_SMW/?/Index/checkLogin/', '2017-06-20 17:27:50', '::1'), ('1152', '0', '登录成功 admin', 'http://localhost/YX_SMW/?/Index/checkLogin/', '2017-06-20 17:37:05', '::1'), ('1153', '0', '访问错误：方法不存在 Page->backcreate() 不存在', 'http://localhost/YX_SMW/?/Page/backcreate', '2017-06-20 17:37:08', '::1'), ('1154', '0', '登录成功 admin', 'http://localhost/YX_SMW/?/Index/checkLogin/', '2017-06-20 18:16:54', '::1'), ('1155', '0', '登录成功 admin', 'http://localhost/YX_SMW/?/Index/checkLogin/', '2017-06-20 18:18:06', '::1'), ('1156', '0', '登录成功 admin', 'http://localhost/YX_SMW/?/Index/checkLogin/', '2017-06-21 14:58:09', '::1'), ('1158', '0', '登录成功 admin', 'http://localhost/YX_SMW/?/Index/checkLogin/', '2017-06-21 15:06:20', '::1'), ('1159', '0', '登录成功 admin', 'http://localhost/YX_SMW/?/Index/checkLogin/', '2017-06-21 16:17:10', '::1'), ('1160', '0', 'Unable to load template file \'../order/modal_order_status.html\' in \'./views/order/order_list.tpl\'', 'http://localhost/YX_SMW/?/Page/order', '2017-06-21 16:17:12', '::1'), ('1161', '0', '登录成功 admin', 'http://localhost/YX_SMW/?/Index/checkLogin/', '2017-06-21 16:20:41', '::1'), ('1162', '0', '访问错误：方法不存在 Page->backdetail() 不存在', 'http://localhost/YX_SMW/?/Page/backdetail/id=4', '2017-06-21 16:21:33', '::1'), ('1163', '0', '访问错误：方法不存在 Page->backprint() 不存在', 'http://localhost/YX_SMW/?/Page/backprint/id=4', '2017-06-21 16:21:37', '::1'), ('1164', '0', '登录成功 admin', 'http://localhost/YX_SMW/?/Index/checkLogin/', '2017-06-21 16:23:33', '::1'), ('1165', '0', '登录成功 admin', 'http://localhost/YX_SMW/?/Index/checkLogin/', '2017-06-21 17:08:39', '::1'), ('1166', '0', '访问错误：方法不存在 Page->backdetail() 不存在', 'http://localhost/YX_SMW/?/Page/backdetail/id=40', '2017-06-21 17:11:03', '::1'), ('1167', '0', '访问错误：方法不存在 Page->backdetail() 不存在', 'http://localhost/YX_SMW/?/Page/backdetail/id=40', '2017-06-21 17:11:48', '::1'), ('1168', '0', '访问错误：方法不存在 Page->backdetail() 不存在', 'http://localhost/YX_SMW/?/Page/backdetail/id=40', '2017-06-21 17:12:11', '::1'), ('1169', '0', '登录成功 admin', 'http://localhost/YX_SMW/?/Index/checkLogin/', '2017-06-21 17:25:50', '::1'), ('1170', '0', '登录成功 admin', 'http://localhost/YX_SMW/?/Index/checkLogin/', '2017-06-21 17:32:12', '::1'), ('1171', '0', '登录成功 admin', 'http://localhost/YX_SMW/?/Index/checkLogin/', '2017-06-21 17:33:01', '::1'), ('1172', '0', '登录成功 admin', 'http://localhost/YX_SMW/?/Index/checkLogin/', '2017-06-21 17:33:58', '::1'), ('1173', '0', '登录成功 admin', 'http://localhost/YX_SMW/?/Index/checkLogin/', '2017-06-22 07:56:26', '::1'), ('1174', '0', '登录成功 admin', 'http://localhost/YX_SMW/?/Index/checkLogin/', '2017-06-22 08:12:18', '::1'), ('1175', '0', '登录成功 admin', 'http://localhost/YX_SMW/?/Index/checkLogin/', '2017-06-22 08:23:24', '::1'), ('1176', '0', '登录成功 18656060007', 'http://localhost/YX_SMW/?/Index/checkLogin/', '2017-06-22 08:39:18', '::1'), ('1177', '0', '登录成功 admin', 'http://localhost/YX_SMW/?/Index/checkLogin/', '2017-06-22 08:39:36', '::1'), ('1178', '0', '登录成功 18656060001', 'http://localhost/YX_SMW/?/Index/checkLogin/', '2017-06-22 09:09:18', '::1'), ('1179', '0', '登录成功 admin', 'http://localhost/YX_SMW/?/Index/checkLogin/', '2017-06-22 09:11:02', '::1'), ('1180', '0', '登录成功 admin', 'http://localhost/YX_SMW/?/Index/checkLogin/', '2017-06-22 09:39:35', '::1'), ('1181', '0', 'Unable to load template file \'../order/modal_returning_status.html\' in \'./views/receive/returning_list.tpl\'', 'http://localhost/YX_SMW/?/Page/returning', '2017-06-22 10:58:12', '::1'), ('1182', '0', 'Unable to load template file \'../order/modal_returning_detail.html\' in \'./views/receive/returning_list.tpl\'', 'http://localhost/YX_SMW/?/Page/returning', '2017-06-22 10:58:59', '::1'), ('1183', '0', 'Unable to load template file \'../order/modal_returning_detail.html\' in \'./views/receive/returning_list.tpl\'', 'http://localhost/YX_SMW/?/Page/returning', '2017-06-22 10:59:31', '::1'), ('1184', '0', '登录成功 admin', 'http://localhost/YX_SMW/?/Index/checkLogin/', '2017-06-22 11:11:57', '::1'), ('1185', '0', '登录成功 admin', 'http://localhost/YX_SMW/?/Index/checkLogin/', '2017-06-22 12:10:49', '::1'), ('1186', '0', '登录成功 admin', 'http://localhost/YX_SMW/?/Index/checkLogin/', '2017-06-22 12:36:57', '::1'), ('1187', '0', '登录成功 admin', 'http://localhost/YX_SMW/?/Index/checkLogin/', '2017-06-22 12:41:33', '::1'), ('1188', '0', '登录成功 admin', 'http://localhost/YX_SMW/?/Index/checkLogin/', '2017-06-22 13:02:02', '::1'), ('1191', '0', '登录成功 18656060001', 'http://localhost/YX_SMW/?/Index/checkLogin/', '2017-06-22 13:11:14', '::1'), ('1193', '0', '登录成功 admin', 'http://localhost/YX_SMW/?/Index/checkLogin/', '2017-06-22 13:12:37', '::1'), ('1199', '0', '登录成功 admin', 'http://localhost/YX_SMW/?/Index/checkLogin/', '2017-06-22 13:35:25', '::1'), ('1200', '0', '登录成功 admin', 'http://localhost/YX_SMW/?/Index/checkLogin/', '2017-06-22 13:37:28', '::1'), ('1201', '0', '登录成功 admin', 'http://localhost/YX_SMW/?/Index/checkLogin/', '2017-06-22 13:48:08', '::1'), ('1202', '0', '登录成功 admin', 'http://localhost/YX_SMW/?/Index/checkLogin/', '2017-06-22 13:48:58', '::1'), ('1203', '0', '登录成功 admin', 'http://localhost/YX_SMW/?/Index/checkLogin/', '2017-06-22 15:34:24', '::1'), ('1204', '0', '登录成功 18656060001', 'http://localhost/YX_SMW/?/Index/checkLogin/', '2017-06-22 15:44:42', '::1'), ('1205', '0', '登录成功 18656060001', 'http://localhost/YX_SMW/?/Index/checkLogin/', '2017-06-22 15:45:35', '::1'), ('1206', '0', '登录成功 18656060002', 'http://localhost/YX_SMW/?/Index/checkLogin/', '2017-06-22 15:51:56', '::1'), ('1207', '0', '登录成功 18656060003', 'http://localhost/YX_SMW/?/Index/checkLogin/', '2017-06-22 15:56:07', '::1'), ('1208', '0', '登录成功 18656060005', 'http://localhost/YX_SMW/?/Index/checkLogin/', '2017-06-22 15:58:51', '::1'), ('1209', '0', '登录成功 admin', 'http://localhost/YX_SMW/?/Index/checkLogin/', '2017-06-22 15:59:40', '::1'), ('1210', '0', '登录成功 18656060007', 'http://localhost/YX_SMW/?/Index/checkLogin/', '2017-06-22 16:00:44', '::1'), ('1211', '0', '登录成功 18656060001', 'http://localhost/YX_SMW/?/Index/checkLogin/', '2017-06-22 16:01:21', '::1'), ('1212', '0', '登录成功 admin', 'http://localhost/YX_SMW/?/Index/checkLogin/', '2017-06-22 17:38:59', '::1');
COMMIT;

-- ----------------------------
-- Table structure for system_settings
-- ----------------------------
DROP TABLE IF EXISTS `system_settings`;
CREATE TABLE `system_settings` (
`id`  int(10) NOT NULL AUTO_INCREMENT ,
`key`  varchar(50) CHARACTER SET utf8 COLLATE utf8_general_ci NOT NULL DEFAULT '' COMMENT '关键字Key' ,
`value`  varchar(512) CHARACTER SET utf8 COLLATE utf8_general_ci NULL DEFAULT NULL COMMENT '值' ,
`remark`  varchar(255) CHARACTER SET utf8 COLLATE utf8_general_ci NULL DEFAULT '无' COMMENT '备注说明' ,
`create_by`  int(10) NULL DEFAULT NULL ,
`create_at`  timestamp NULL DEFAULT CURRENT_TIMESTAMP ,
`update_by`  int(10) NULL DEFAULT NULL ,
`update_at`  timestamp NULL DEFAULT CURRENT_TIMESTAMP ON UPDATE CURRENT_TIMESTAMP ,
`isvalid`  tinyint(1) NULL DEFAULT 1 ,
PRIMARY KEY (`id`),
INDEX `index_key` (`key`) USING BTREE 
)
ENGINE=InnoDB
DEFAULT CHARACTER SET=utf8 COLLATE=utf8_general_ci
COMMENT='系统设置表'
AUTO_INCREMENT=4

;

-- ----------------------------
-- Records of system_settings
-- ----------------------------
BEGIN;
INSERT INTO `system_settings` VALUES ('1', 'copyright', '© 亿翔云鸟 版权所有', '网站底部的版权标识', '1', '2017-06-07 13:38:58', '1', '2017-06-07 13:55:22', '1'), ('2', 'sitename', '亿翔仓储', '网站标题', '1', '2017-06-07 13:38:58', '5', '2017-06-19 08:24:56', '1'), ('3', 'default_customer_id', '3', '导入订单默认的客户ID', '1', '2017-06-07 13:56:00', null, '2017-06-07 13:56:00', '1');
COMMIT;

-- ----------------------------
-- Table structure for title
-- ----------------------------
DROP TABLE IF EXISTS `title`;
CREATE TABLE `title` (
`id`  int(10) NOT NULL AUTO_INCREMENT ,
`title_name`  varchar(100) CHARACTER SET utf8 COLLATE utf8_general_ci NOT NULL COMMENT '职位名称' ,
`title_roles`  varchar(255) CHARACTER SET utf8 COLLATE utf8_general_ci NULL DEFAULT NULL COMMENT '职位对应角色ID' ,
`create_by`  int(10) NULL DEFAULT NULL ,
`create_at`  timestamp NULL DEFAULT CURRENT_TIMESTAMP ,
`update_by`  int(10) NULL DEFAULT NULL ,
`update_at`  timestamp NULL DEFAULT CURRENT_TIMESTAMP ON UPDATE CURRENT_TIMESTAMP ,
`isvalid`  tinyint(1) NULL DEFAULT 1 ,
PRIMARY KEY (`id`)
)
ENGINE=InnoDB
DEFAULT CHARACTER SET=utf8 COLLATE=utf8_general_ci
COMMENT='职位信息表'
AUTO_INCREMENT=9

;

-- ----------------------------
-- Records of title
-- ----------------------------
BEGIN;
INSERT INTO `title` VALUES ('1', '系统管理员', '1,2,3,4,5,6,7,8,9,10,11,12,13,14,15,16,17,18,19,20,21,22,23', '1', '2017-06-08 09:43:12', null, '2017-06-22 15:40:01', '1'), ('2', '计划员', '1,14,17,18', '1', '2017-06-08 09:58:39', null, '2017-06-22 15:40:31', '1'), ('3', '驾驶员', '1', '1', '2017-06-08 10:09:38', null, '2017-06-08 10:09:38', '1'), ('4', '客服', '1,4,5,6,7,9,10,11,12,13,16,17,18,19,20,21,22,23', '1', '2017-06-12 14:46:13', null, '2017-06-22 15:43:33', '1'), ('5', '库管', '1,13,15,17,21,22,23', '1', '2017-06-12 14:46:24', null, '2017-06-22 15:43:56', '1'), ('6', '理货员', '1,13,15,17,21,22,23', '1', '2017-06-12 14:46:29', null, '2017-06-22 15:43:59', '1'), ('7', '发货员', '1,17', '1', '2017-06-12 14:46:45', null, '2017-06-20 15:15:46', '1'), ('8', '跟单员', '1,17,19', '1', '2017-06-12 14:46:50', null, '2017-06-22 15:42:25', '1');
COMMIT;

-- ----------------------------
-- Table structure for tmp
-- ----------------------------
DROP TABLE IF EXISTS `tmp`;
CREATE TABLE `tmp` (
`id`  int(10) NOT NULL AUTO_INCREMENT ,
`code`  varchar(100) CHARACTER SET utf8 COLLATE utf8_general_ci NOT NULL ,
`name`  varchar(255) CHARACTER SET utf8 COLLATE utf8_general_ci NULL DEFAULT NULL ,
`out_id`  int(10) NULL DEFAULT NULL ,
`create_by`  int(10) NULL DEFAULT NULL ,
`create_at`  timestamp NULL DEFAULT CURRENT_TIMESTAMP ,
`update_by`  int(10) NULL DEFAULT NULL ,
`update_at`  timestamp NULL DEFAULT CURRENT_TIMESTAMP ON UPDATE CURRENT_TIMESTAMP ,
`isvalid`  tinyint(1) NULL DEFAULT 1 ,
PRIMARY KEY (`id`)
)
ENGINE=InnoDB
DEFAULT CHARACTER SET=utf8 COLLATE=utf8_general_ci
AUTO_INCREMENT=1

;

-- ----------------------------
-- Records of tmp
-- ----------------------------
BEGIN;
COMMIT;

-- ----------------------------
-- Table structure for truck
-- ----------------------------
DROP TABLE IF EXISTS `truck`;
CREATE TABLE `truck` (
`id`  int(10) NOT NULL AUTO_INCREMENT ,
`truck_code`  varchar(100) CHARACTER SET utf8 COLLATE utf8_general_ci NOT NULL COMMENT '车牌号' ,
`truck_type`  varchar(32) CHARACTER SET utf8 COLLATE utf8_general_ci NULL DEFAULT NULL COMMENT '车辆类型 ' ,
`truck_length`  decimal(10,2) NULL DEFAULT 0.00 COMMENT '车辆长度' ,
`truck_desc`  varchar(256) CHARACTER SET utf8 COLLATE utf8_general_ci NULL DEFAULT NULL COMMENT '车辆描述' ,
`truck_date`  date NULL DEFAULT NULL COMMENT '购买日期' ,
`create_by`  int(10) NULL DEFAULT NULL ,
`create_at`  timestamp NULL DEFAULT CURRENT_TIMESTAMP ,
`update_by`  int(10) NULL DEFAULT NULL ,
`update_at`  timestamp NULL DEFAULT CURRENT_TIMESTAMP ON UPDATE CURRENT_TIMESTAMP ,
`isvalid`  tinyint(1) NULL DEFAULT 1 ,
PRIMARY KEY (`id`)
)
ENGINE=InnoDB
DEFAULT CHARACTER SET=utf8 COLLATE=utf8_general_ci
COMMENT='车辆信息表'
AUTO_INCREMENT=6

;

-- ----------------------------
-- Records of truck
-- ----------------------------
BEGIN;
INSERT INTO `truck` VALUES ('1', '皖AE2345', '飞翼', '8.32', '卡车1', '2017-05-01', '0', '2017-05-05 12:43:34', '1', '2017-05-09 21:34:22', '1'), ('2', '苏B00001', '飞翼', '9.80', '呵呵', null, '5', '2017-06-16 09:23:00', null, '2017-06-16 09:23:00', '1'), ('3', 'sadasdasd', '飞翼', '0.00', '', '2017-06-20', '5', '2017-06-20 12:44:01', '5', '2017-06-20 12:50:50', '0'), ('4', 'sadasdasd', null, '0.00', null, null, '5', '2017-06-20 12:46:35', '5', '2017-06-20 12:50:51', '0'), ('5', '苏B00002', '飞翼', '9.00', null, null, '5', '2017-06-20 12:50:45', '5', '2017-06-20 12:50:53', '0');
COMMIT;

-- ----------------------------
-- Table structure for vendor
-- ----------------------------
DROP TABLE IF EXISTS `vendor`;
CREATE TABLE `vendor` (
`id`  int(10) NOT NULL AUTO_INCREMENT ,
`vendor_code`  varchar(100) CHARACTER SET utf8 COLLATE utf8_general_ci NOT NULL COMMENT '供货商代码' ,
`vendor_name`  varchar(256) CHARACTER SET utf8 COLLATE utf8_general_ci NOT NULL COMMENT '供货商名称' ,
`vendor_shortname`  varchar(256) CHARACTER SET utf8 COLLATE utf8_general_ci NULL DEFAULT NULL COMMENT '简称' ,
`vendor_address`  varchar(256) CHARACTER SET utf8 COLLATE utf8_general_ci NULL DEFAULT NULL COMMENT '地址' ,
`create_by`  int(10) NULL DEFAULT NULL ,
`create_at`  timestamp NULL DEFAULT CURRENT_TIMESTAMP ,
`update_by`  int(10) NULL DEFAULT NULL ,
`update_at`  timestamp NULL DEFAULT CURRENT_TIMESTAMP ON UPDATE CURRENT_TIMESTAMP ,
`isvalid`  tinyint(1) NULL DEFAULT 1 ,
PRIMARY KEY (`id`)
)
ENGINE=InnoDB
DEFAULT CHARACTER SET=utf8 COLLATE=utf8_general_ci
COMMENT='供货商信息'
AUTO_INCREMENT=25

;

-- ----------------------------
-- Records of vendor
-- ----------------------------
BEGIN;
INSERT INTO `vendor` VALUES ('1', 'V0001', 'ttt', '', '', '1', '2017-04-25 22:36:39', '5', '2017-06-20 11:00:40', '0'), ('2', 'V0002', '供货商2', null, null, '1', '2017-04-25 22:39:13', '1', '2017-04-27 10:47:38', '1'), ('3', 'V0003', '供货商3', 'test', null, '1', '2017-04-27 10:47:24', null, '2017-04-27 10:47:24', '1'), ('4', 'L23022', '无锡井上华光汽车部件有限公司', '无锡井上华光', null, null, '2017-05-03 14:39:09', null, '2017-05-03 14:39:09', '1'), ('5', 'L21131', '江苏超力散热器有限公司', '江苏超力', null, null, '2017-05-03 14:39:09', null, '2017-05-03 14:39:09', '1'), ('6', 'L42085', '广东任我通汽车用品有限公司', '广东任我通', null, null, '2017-05-03 14:39:09', null, '2017-05-03 14:39:09', '1'), ('7', 'L22050', '科大讯飞股份有限公司', '科大讯飞', null, null, '2017-05-03 14:39:09', null, '2017-05-03 14:39:09', '1'), ('8', 'L22035', '杭州铁城信息科技有限公司', '杭州铁城', null, null, '2017-05-03 14:39:09', null, '2017-05-03 14:39:09', '1'), ('9', 'L22124', '江苏银河同智新能源科技有限公司', '张家港同智', null, null, '2017-05-03 14:39:09', null, '2017-05-03 14:39:09', '1'), ('10', 'L21115', '华纳圣龙（宁波）有限公司', '华纳圣龙', null, null, '2017-05-03 14:39:09', null, '2017-05-03 14:39:09', '1'), ('11', 'L23401', '昆山誉球模型有限公司', '昆山誉球', null, null, '2017-05-03 14:39:09', null, '2017-05-03 14:39:09', '1'), ('12', 'L72023', '深圳欣锐科技股份有限公司', '深圳欣锐特', null, null, '2017-05-03 14:39:09', null, '2017-05-03 14:39:09', '1'), ('13', 'L72017', '浙江美力科技股份有限公司', '浙江美力', null, null, '2017-05-03 14:39:09', null, '2017-05-03 14:39:09', '1'), ('14', '8836C', '南通市通润汽车零部件有限公司', '南通通润', null, null, '2017-05-03 14:39:09', null, '2017-05-03 14:39:09', '1'), ('15', 'L22083', '中航光电科技有限公司', '中航光电', null, null, '2017-05-03 14:39:09', null, '2017-05-03 14:39:09', '1'), ('16', 'L23759', '江苏铁锚玻璃股份有限公司', '江苏铁锚', null, null, '2017-05-03 14:39:09', null, '2017-05-03 14:39:09', '1'), ('17', 'L21000', '芜湖亚奇汽车部件有限公司', '芜湖亚奇', null, null, '2017-05-03 14:39:09', null, '2017-05-03 14:39:09', '1'), ('18', 'L22207', '爱信(无锡)车身零部件有限公司', '无锡爱信', null, null, '2017-05-03 14:39:09', null, '2017-05-03 14:39:09', '1'), ('19', 'L23071', '宁波福尔达智能科技有限公司', '福尔达', null, null, '2017-05-03 14:39:09', null, '2017-05-03 14:39:09', '1'), ('20', 'L23071', '上海福宇龙汽车科技有限公司', '福宇龙', null, null, '2017-05-03 14:39:09', null, '2017-05-03 14:39:09', '1'), ('21', 'L23025', '芜湖成新汽车零部件有限公司', '芜湖成新', null, null, '2017-05-03 14:39:09', null, '2017-05-03 14:39:09', '1'), ('22', 'L72051', '合肥江淮太航常青汽车安全系统有限公司', '太航常青', null, null, '2017-05-03 14:39:09', null, '2017-05-03 14:39:09', '1'), ('23', 'L42086', '温州市丽豹汽车配件有限公司', '温州丽豹', null, null, '2017-05-03 14:39:09', null, '2017-05-03 14:39:09', '1'), ('24', 'L20079', '德尔福派克电气系统有限公司白城分公司', '德尔福派克', null, null, '2017-05-03 14:39:09', null, '2017-05-03 14:39:09', '1');
COMMIT;

-- ----------------------------
-- Table structure for warehouse
-- ----------------------------
DROP TABLE IF EXISTS `warehouse`;
CREATE TABLE `warehouse` (
`id`  int(10) NOT NULL AUTO_INCREMENT ,
`warehouse_code`  varchar(100) CHARACTER SET utf8 COLLATE utf8_general_ci NOT NULL COMMENT '仓储代码' ,
`warehouse_name`  varchar(256) CHARACTER SET utf8 COLLATE utf8_general_ci NOT NULL COMMENT '仓储名称' ,
`warehouse_address`  varchar(512) CHARACTER SET utf8 COLLATE utf8_general_ci NULL DEFAULT NULL COMMENT '仓储地址' ,
`create_by`  int(10) NULL DEFAULT NULL ,
`create_at`  timestamp NULL DEFAULT CURRENT_TIMESTAMP ,
`update_by`  int(10) NULL DEFAULT NULL ,
`update_at`  timestamp NULL DEFAULT CURRENT_TIMESTAMP ON UPDATE CURRENT_TIMESTAMP ,
`isvalid`  tinyint(1) NULL DEFAULT 1 ,
PRIMARY KEY (`id`)
)
ENGINE=InnoDB
DEFAULT CHARACTER SET=utf8 COLLATE=utf8_general_ci
COMMENT='仓储信息'
AUTO_INCREMENT=4

;

-- ----------------------------
-- Records of warehouse
-- ----------------------------
BEGIN;
INSERT INTO `warehouse` VALUES ('1', 'WH01', '亿翔合肥', '合肥', '1', '2017-04-27 23:13:45', null, '2017-04-27 23:13:45', '1'), ('2', 'WH02', '亿翔无锡', '无锡', '1', '2017-04-27 23:14:03', null, '2017-04-27 23:14:03', '1'), ('3', 'WH03', '亿翔上海', '上海', '1', '2017-04-27 23:14:22', '5', '2017-06-20 14:48:55', '0');
COMMIT;

-- ----------------------------
-- View structure for v_goods
-- ----------------------------
DROP VIEW IF EXISTS `v_goods`;
CREATE ALGORITHM=UNDEFINED DEFINER=`root`@`localhost` SQL SECURITY DEFINER VIEW `v_goods` AS select `goods`.`id` AS `id`,`goods`.`goods_ccode` AS `goods_ccode`,`goods`.`goods_vcode` AS `goods_vcode`,`goods`.`goods_name` AS `goods_name`,`vendor`.`vendor_code` AS `vendor_code`,`vendor`.`vendor_name` AS `vendor_name`,`stock`.`stock_code` AS `stock_code`,`stock`.`stock_name` AS `stock_name`,`goods`.`isvalid` AS `isvalid` from ((`goods` join `vendor` on((`goods`.`vendor_id` = `vendor`.`id`))) join `stock` on((`goods`.`stock_id` = `stock`.`id`))) where (`goods`.`isvalid` = 1) ;

-- ----------------------------
-- View structure for v_inventory
-- ----------------------------
DROP VIEW IF EXISTS `v_inventory`;
CREATE ALGORITHM=UNDEFINED DEFINER=`root`@`localhost` SQL SECURITY DEFINER VIEW `v_inventory` AS select `i`.`id` AS `id`,`i`.`goods_id` AS `goods_id`,`g`.`vendor_id` AS `vendor_id`,`g`.`stock_id` AS `stock_id`,`v`.`vendor_code` AS `vendor_code`,`v`.`vendor_name` AS `vendor_name`,`s`.`stock_code` AS `stock_code`,`s`.`stock_name` AS `stock_name`,`g`.`goods_ccode` AS `goods_ccode`,`g`.`goods_name` AS `goods_name`,`i`.`quantity` AS `quantity`,`i`.`locked` AS `locked`,`i`.`abnormal` AS `abnormal` from (((`inventory` `i` left join `goods` `g` on((`i`.`goods_id` = `g`.`id`))) left join `vendor` `v` on((`g`.`vendor_id` = `v`.`id`))) left join `stock` `s` on((`g`.`stock_id` = `s`.`id`))) where (`i`.`isvalid` = 1) order by `i`.`goods_id` ;

-- ----------------------------
-- View structure for v_inventory_export
-- ----------------------------
DROP VIEW IF EXISTS `v_inventory_export`;
CREATE ALGORITHM=UNDEFINED DEFINER=`root`@`localhost` SQL SECURITY DEFINER VIEW `v_inventory_export` AS select `i`.`id` AS `id`,`i`.`goods_id` AS `goods_id`,`g`.`vendor_id` AS `vendor_id`,`g`.`stock_id` AS `stock_id`,`v`.`vendor_code` AS `A`,`v`.`vendor_name` AS `B`,`s`.`stock_code` AS `C`,`s`.`stock_name` AS `D`,`g`.`goods_ccode` AS `E`,`g`.`goods_name` AS `F`,`i`.`quantity` AS `G`,`i`.`locked` AS `H`,`i`.`abnormal` AS `I` from (((`inventory` `i` left join `goods` `g` on((`i`.`goods_id` = `g`.`id`))) left join `vendor` `v` on((`g`.`vendor_id` = `v`.`id`))) left join `stock` `s` on((`g`.`stock_id` = `s`.`id`))) where (`i`.`isvalid` = 1) order by `i`.`goods_id` ;

-- ----------------------------
-- View structure for v_order
-- ----------------------------
DROP VIEW IF EXISTS `v_order`;
CREATE ALGORITHM=UNDEFINED DEFINER=`root`@`localhost` SQL SECURITY DEFINER VIEW `v_order` AS select `o`.`id` AS `id`,`o`.`customer_id` AS `customer_id`,`o`.`vendor_id` AS `vendor_id`,`o`.`order_code` AS `order_code`,`o`.`order_type` AS `order_type`,`o`.`order_serial_no` AS `order_serial_no`,`o`.`order_date` AS `order_date`,`o`.`address` AS `address`,`o`.`pur_no` AS `pur_no`,`o`.`dock` AS `dock`,`o`.`contacts` AS `contacts`,`o`.`status` AS `status`,`o`.`truck_id` AS `truck_id`,`o`.`remark` AS `remark`,`o`.`create_by` AS `create_by`,`o`.`create_at` AS `create_at`,`o`.`update_by` AS `update_by`,`o`.`update_at` AS `update_at`,`o`.`isvalid` AS `isvalid`,`c`.`customer_code` AS `customer_code`,`c`.`customer_name` AS `customer_name`,`v`.`vendor_code` AS `vendor_code`,`v`.`vendor_name` AS `vendor_name` from ((`order` `o` left join `customer` `c` on((`o`.`customer_id` = `c`.`id`))) left join `vendor` `v` on((`o`.`vendor_id` = `v`.`id`))) where (`o`.`isvalid` = 1) ;

-- ----------------------------
-- View structure for v_order_detail_sum
-- ----------------------------
DROP VIEW IF EXISTS `v_order_detail_sum`;
CREATE ALGORITHM=UNDEFINED DEFINER=`root`@`localhost` SQL SECURITY DEFINER VIEW `v_order_detail_sum` AS select `order_detail`.`order_id` AS `order_id`,`order_detail`.`goods_id` AS `goods_id`,sum(`order_detail`.`needs`) AS `needs_sum`,sum(`order_detail`.`sends`) AS `sends_sum`,sum(`order_detail`.`receives`) AS `receives_sum` from `order_detail` group by `order_detail`.`order_id`,`order_detail`.`goods_id` ;

-- ----------------------------
-- View structure for v_order_check
-- ----------------------------
DROP VIEW IF EXISTS `v_order_check`;
CREATE ALGORITHM=UNDEFINED DEFINER=`root`@`localhost` SQL SECURITY DEFINER VIEW `v_order_check` AS select `od`.`order_id` AS `order_id`,`od`.`goods_id` AS `goods_id`,`od`.`needs_sum` AS `needs_sum`,`od`.`sends_sum` AS `sends_sum`,ifnull(`i`.`quantity`,0) AS `quantity`,(ifnull(`i`.`quantity`,0) - `od`.`sends_sum`) AS `gap` from (`v_order_detail_sum` `od` left join `inventory` `i` on((`od`.`goods_id` = `i`.`goods_id`))) ;

-- ----------------------------
-- View structure for v_person
-- ----------------------------
DROP VIEW IF EXISTS `v_person`;
CREATE ALGORITHM=UNDEFINED DEFINER=`root`@`localhost` SQL SECURITY DEFINER VIEW `v_person` AS select `p`.`id` AS `id`,`p`.`person_code` AS `person_code`,`p`.`person_type` AS `person_type`,`p`.`person_name` AS `person_name`,`p`.`person_phone` AS `person_phone`,`p`.`person_email` AS `person_email`,`p`.`person_dept` AS `person_dept`,`v`.`vendor_code` AS `org_code`,`v`.`vendor_name` AS `org_name` from (`person` `p` left join `vendor` `v` on((`p`.`org_id` = `v`.`id`))) where ((`p`.`person_type` = '1') and (`p`.`isvalid` = 1) and (`v`.`isvalid` = 1)) union all select `p`.`id` AS `id`,`p`.`person_code` AS `person_code`,`p`.`person_type` AS `person_type`,`p`.`person_name` AS `person_name`,`p`.`person_phone` AS `person_phone`,`p`.`person_email` AS `person_email`,`p`.`person_dept` AS `person_dept`,`c`.`customer_code` AS `org_code`,`c`.`customer_name` AS `org_name` from (`person` `p` left join `customer` `c` on((`p`.`org_id` = `c`.`id`))) where ((`p`.`person_type` = '2') and (`p`.`isvalid` = 1) and (`c`.`isvalid` = 1)) union all select `p`.`id` AS `id`,`p`.`person_code` AS `person_code`,`p`.`person_type` AS `person_type`,`p`.`person_name` AS `person_name`,`p`.`person_phone` AS `person_phone`,`p`.`person_email` AS `person_email`,`p`.`person_dept` AS `person_dept`,`w`.`warehouse_code` AS `org_code`,`w`.`warehouse_name` AS `org_name` from (`person` `p` left join `warehouse` `w` on((`p`.`org_id` = `w`.`id`))) where ((`p`.`person_type` = '3') and (`p`.`isvalid` = 1) and (`w`.`isvalid` = 1)) ;

-- ----------------------------
-- View structure for v_receive
-- ----------------------------
DROP VIEW IF EXISTS `v_receive`;
CREATE ALGORITHM=UNDEFINED DEFINER=`root`@`localhost` SQL SECURITY DEFINER VIEW `v_receive` AS select `r`.`id` AS `id`,`r`.`goods_id` AS `goods_id`,`r`.`receive_date` AS `receive_date`,`r`.`count` AS `count`,`r`.`remark` AS `remark`,`g`.`goods_ccode` AS `goods_ccode`,`g`.`goods_name` AS `goods_name`,`g`.`vendor_id` AS `vendor_id`,`g`.`stock_id` AS `stock_id`,`v`.`vendor_code` AS `vendor_code`,`v`.`vendor_name` AS `vendor_name`,`s`.`stock_code` AS `stock_code`,`s`.`stock_name` AS `stock_name` from (((`receive` `r` left join `goods` `g` on((`r`.`goods_id` = `g`.`id`))) left join `vendor` `v` on((`g`.`vendor_id` = `v`.`id`))) left join `stock` `s` on((`g`.`stock_id` = `s`.`id`))) where (`r`.`isvalid` = 1) order by `r`.`id` desc ;

-- ----------------------------
-- View structure for v_receive_export
-- ----------------------------
DROP VIEW IF EXISTS `v_receive_export`;
CREATE ALGORITHM=UNDEFINED DEFINER=`root`@`localhost` SQL SECURITY DEFINER VIEW `v_receive_export` AS select `r`.`id` AS `id`,`g`.`vendor_id` AS `vendor_id`,`g`.`stock_id` AS `stock_id`,`r`.`goods_id` AS `goods_id`,`r`.`receive_date` AS `H`,`r`.`count` AS `G`,`r`.`remark` AS `I`,`g`.`goods_ccode` AS `E`,`g`.`goods_name` AS `F`,`v`.`vendor_code` AS `A`,`v`.`vendor_name` AS `B`,`s`.`stock_code` AS `C`,`s`.`stock_name` AS `D` from (((`receive` `r` left join `goods` `g` on((`r`.`goods_id` = `g`.`id`))) left join `vendor` `v` on((`g`.`vendor_id` = `v`.`id`))) left join `stock` `s` on((`g`.`stock_id` = `s`.`id`))) where (`r`.`isvalid` = 1) order by `r`.`receive_date` desc,`r`.`id` desc ;

-- ----------------------------
-- View structure for v_record
-- ----------------------------
DROP VIEW IF EXISTS `v_record`;
CREATE ALGORITHM=UNDEFINED DEFINER=`root`@`localhost` SQL SECURITY DEFINER VIEW `v_record` AS select `re`.`goods_id` AS `goods_id`,`g`.`vendor_id` AS `vendor_id`,`g`.`stock_id` AS `stock_id`,`v`.`vendor_code` AS `vendor_code`,`v`.`vendor_name` AS `vendor_name`,`g`.`goods_ccode` AS `goods_ccode`,`g`.`goods_name` AS `goods_name`,`s`.`stock_code` AS `stock_code`,`s`.`stock_name` AS `stock_name`,`re`.`gtype` AS `gtype`,`re`.`gdate` AS `gdate`,`re`.`numb` AS `numb`,`re`.`statusX` AS `statusX`,`re`.`remark` AS `remark` from (((((select (case `r2`.`returning_type` when '1' then '入库-良品退货' when '2' then '入库-不良品退货' end) AS `gtype`,`r2`.`goods_id` AS `goods_id`,`r2`.`returning_date` AS `gdate`,`r2`.`counts` AS `numb`,(case `r`.`status` when 'done' then '完成' else '进行中' end) AS `statusX`,`r2`.`remark` AS `remark` from (`wms`.`returning_detail` `r2` left join `wms`.`returning` `r` on((`r2`.`returning_id` = `r`.`id`))) where ((`r`.`isvalid` = 1) and (`r2`.`isvalid` = 1))) union all select '入库-收货' AS `gtype`,`r`.`goods_id` AS `goods_id`,`r`.`receive_date` AS `gdate`,`r`.`count` AS `numb`,'完成' AS `statusX`,`r`.`remark` AS `remark` from `wms`.`receive` `r` where (`r`.`isvalid` = 1) union all select '出库-发货' AS `gtype`,`od`.`goods_id` AS `goods_id`,`o`.`order_date` AS `gdate`,`od`.`receives` AS `numb`,(case `o`.`status` when 'done' then '完成' else '进行中' end) AS `statusX`,`od`.`remark` AS `remark` from (`wms`.`order_detail` `od` left join `wms`.`order` `o` on((`od`.`order_id` = `o`.`id`))) where ((`od`.`isvalid` = 1) and (`o`.`isvalid` = 1)) union all select (case `b`.`back_type` when '1' then '出库-良品退回' when '2' then '出库-不良品退回' end) AS `gtype`,`b2`.`goods_id` AS `goods_id`,`b`.`back_date` AS `gdate`,`b2`.`needs` AS `numb`,(case `b`.`status` when 'done' then '完成' else '进行中' end) AS `statusX`,`b2`.`remark` AS `remark` from (`wms`.`back_detail` `b2` left join `wms`.`back` `b` on((`b2`.`back_id` = `b`.`id`))) where ((`b`.`isvalid` = 1) and (`b2`.`isvalid` = 1))) `re` left join `wms`.`goods` `g` on((`re`.`goods_id` = `g`.`id`))) left join `wms`.`vendor` `v` on((`g`.`vendor_id` = `v`.`id`))) left join `wms`.`stock` `s` on((`s`.`id` = `g`.`stock_id`))) where ((`v`.`isvalid` = 1) and (`g`.`isvalid` = 1) and (`s`.`isvalid` = 1)) order by `re`.`gdate` desc,`re`.`gtype` ;

-- ----------------------------
-- View structure for v_record_export
-- ----------------------------
DROP VIEW IF EXISTS `v_record_export`;
CREATE ALGORITHM=UNDEFINED DEFINER=`root`@`localhost` SQL SECURITY DEFINER VIEW `v_record_export` AS select `re`.`goods_id` AS `goods_id`,`g`.`vendor_id` AS `vendor_id`,`g`.`stock_id` AS `stock_id`,`v`.`vendor_code` AS `A`,`v`.`vendor_name` AS `B`,`g`.`goods_ccode` AS `E`,`g`.`goods_name` AS `F`,`s`.`stock_code` AS `C`,`s`.`stock_name` AS `D`,`re`.`gtype` AS `G`,`re`.`gdate` AS `I`,`re`.`numb` AS `H`,`re`.`statusX` AS `J`,`re`.`remark` AS `K` from (((((select (case `r2`.`returning_type` when '1' then '入库-良品退货' when '2' then '入库-不良品退货' end) AS `gtype`,`r2`.`goods_id` AS `goods_id`,`r2`.`returning_date` AS `gdate`,`r2`.`counts` AS `numb`,(case `r`.`status` when 'done' then '完成' else '进行中' end) AS `statusX`,`r2`.`remark` AS `remark` from (`wms`.`returning_detail` `r2` left join `wms`.`returning` `r` on((`r2`.`returning_id` = `r`.`id`))) where ((`r`.`isvalid` = 1) and (`r2`.`isvalid` = 1))) union all select '入库-收货' AS `gtype`,`r`.`goods_id` AS `goods_id`,`r`.`receive_date` AS `gdate`,`r`.`count` AS `numb`,'完成' AS `statusX`,`r`.`remark` AS `remark` from `wms`.`receive` `r` where (`r`.`isvalid` = 1) union all select '出库-发货' AS `gtype`,`od`.`goods_id` AS `goods_id`,`o`.`order_date` AS `gdate`,`od`.`receives` AS `numb`,(case `o`.`status` when 'done' then '完成' else '进行中' end) AS `statusX`,`od`.`remark` AS `remark` from (`wms`.`order_detail` `od` left join `wms`.`order` `o` on((`od`.`order_id` = `o`.`id`))) where ((`od`.`isvalid` = 1) and (`o`.`isvalid` = 1)) union all select (case `b`.`back_type` when '1' then '出库-良品退回' when '2' then '出库-不良品退回' end) AS `gtype`,`b2`.`goods_id` AS `goods_id`,`b`.`back_date` AS `gdate`,`b2`.`needs` AS `numb`,(case `b`.`status` when 'done' then '完成' else '进行中' end) AS `statusX`,`b2`.`remark` AS `remark` from (`wms`.`back_detail` `b2` left join `wms`.`back` `b` on((`b2`.`back_id` = `b`.`id`))) where ((`b`.`isvalid` = 1) and (`b2`.`isvalid` = 1))) `re` left join `wms`.`goods` `g` on((`re`.`goods_id` = `g`.`id`))) left join `wms`.`vendor` `v` on((`g`.`vendor_id` = `v`.`id`))) left join `wms`.`stock` `s` on((`s`.`id` = `g`.`stock_id`))) where ((`v`.`isvalid` = 1) and (`g`.`isvalid` = 1) and (`s`.`isvalid` = 1)) order by `re`.`gdate` desc,`re`.`gtype` ;

-- ----------------------------
-- View structure for v_stock_loan
-- ----------------------------
DROP VIEW IF EXISTS `v_stock_loan`;
CREATE ALGORITHM=UNDEFINED DEFINER=`root`@`localhost` SQL SECURITY DEFINER VIEW `v_stock_loan` AS select `l`.`id` AS `id`,`l`.`area` AS `area`,`l`.`price` AS `price`,`s`.`stock_code` AS `stock_code`,`s`.`stock_name` AS `stock_name`,`v`.`vendor_code` AS `vendor_code`,`v`.`vendor_name` AS `vendor_name`,`v`.`vendor_shortname` AS `vendor_shortname`,`l`.`remark` AS `remark` from ((`stock_loan` `l` join `stock` `s`) join `vendor` `v`) where ((`l`.`stock_id` = `s`.`id`) and (`l`.`vendor_id` = `v`.`id`) and (`l`.`isvalid` = 1) and (`s`.`isvalid` = 1) and (`v`.`isvalid` = 1)) ;

-- ----------------------------
-- Function structure for f_check_order_byuser
-- ----------------------------
DROP FUNCTION IF EXISTS `f_check_order_byuser`;
DELIMITER ;;
CREATE DEFINER=`root`@`localhost` FUNCTION `f_check_order_byuser`(p_orderid int,p_userid int) RETURNS int(11)
BEGIN
	/*依据用户的岗位分配用于检查用户是否拥有操作当前订单的操作权限*/
	DECLARE v_status VARCHAR(200) DEFAULT null;
	DECLARE v_auth INT DEFAULT 0;

	SELECT status FROM `order`
	 WHERE id = p_orderid
	 limit 1
	  into v_status;
	
	if v_status is null THEN		
		return 0;	
	end if;

	if v_status = 'create' THEN 
		/*接收订单 库管或理货员*/
		SELECT count(1) FROM `person`
		 WHERE id = p_userid
			 and person_title in (5,6)
		 limit 1
			into v_auth;
	end if;

	if v_status = 'receive' THEN
		/*备货完成 库管或理货员*/
		SELECT count(1) FROM `person`
		 WHERE id = p_userid
			 and person_title in (5,6)
		 limit 1
			into v_auth;
	end if;

	if v_status = 'ready' THEN
		/*对点完成 发货员*/
		SELECT count(1) FROM `person`
		 WHERE id = p_userid
			 and person_title = 7
		 limit 1
			into v_auth;
	end if;

	if v_status = 'check' THEN
		/*发货完成 发货员*/
		SELECT count(1) FROM `person`
		 WHERE id = p_userid
			 and person_title = 7
		 limit 1
			into v_auth;
	end if;

	if v_status = 'send' THEN
		/*交货完成 跟单员*/
		SELECT count(1) FROM `person`
		 WHERE id = p_userid
			 and person_title = 8
		 limit 1
			into v_auth;
	end if;

	if v_status = 'delivery' THEN
		/*全部完成 客服*/
		SELECT count(1) FROM `person`
		 WHERE id = p_userid
			 and person_title = 4
		 limit 1
			into v_auth;
	end if;


  return v_auth;

END
;;
DELIMITER ;

-- ----------------------------
-- Procedure structure for p_send_order
-- ----------------------------
DROP PROCEDURE IF EXISTS `p_send_order`;
DELIMITER ;;
CREATE DEFINER=`root`@`localhost` PROCEDURE `p_send_order`(`p_orderids` varchar(2000),`p_truckid` int,`p_userid` int)
BEGIN
	
  DECLARE v_count INT DEFAULT 0;
	DECLARE v_orderids VARCHAR(2000);
	DECLARE v_orderid INT DEFAULT 0;
	DECLARE v_truckid INT DEFAULT 0;
	DECLARE v_auth_flag INT DEFAULT 0;

	DECLARE v_error INTEGER DEFAULT 0;
	declare v_done int default false; 
	declare cur cursor for select id from `order` where locate(CONCAT(',',`id`,','),v_orderids) > 0 and `status` = 'check';  
	declare continue HANDLER for not found set v_done = true;  
	DECLARE CONTINUE HANDLER FOR SQLEXCEPTION SET v_error=1;

	SELECT CONCAT(',',p_orderids,',') INTO v_orderids;

	START TRANSACTION;
	open cur; 
	read_loop:loop 
	/*遍历订单*/
	fetch cur into v_orderid;
	if v_done then  
		leave read_loop;      
	end if;
	/*检查操作权限*/		
		select f_check_order_byuser(v_orderid,p_userid) into v_auth_flag;
		if (v_auth_flag > 0) then
			/*检查车辆信息*/		
			select id from `truck` where id = p_truckid and isvalid = 1 into v_truckid;
			if (v_truckid > 0) then
				/*更新订单数据*/
				UPDATE `ORDER` SET STATUS = 'send',truck_id = p_truckid,update_by = p_userid WHERE ID = v_orderid;
				INSERT INTO `order_status` (`order_id`,`status`,`create_by`) VALUES (v_orderid,'send',p_userid);	
			else
				select 9 into v_error; /*车辆信息不正确*/
				LEAVE read_loop;
			end if;
		else
			select 8 into v_error; /*没有操作权限*/
			LEAVE read_loop;
		end if;
	end loop;
	close cur;

	if v_error > 0 then 
		select v_error as res; 
		ROLLBACK;
	else 
		select 0 as res; 
		COMMIT;
	END IF; 

END
;;
DELIMITER ;

-- ----------------------------
-- Procedure structure for p_update_order_status
-- ----------------------------
DROP PROCEDURE IF EXISTS `p_update_order_status`;
DELIMITER ;;
CREATE DEFINER=`root`@`localhost` PROCEDURE `p_update_order_status`(`p_orderid` int,`p_oldstatus` varchar(200),`p_newstatus` varchar(200),`p_userid` int)
BEGIN
	
  DECLARE v_count INT DEFAULT 0;
  DECLARE v_gap_flag INT DEFAULT 0;
	DECLARE v_auth_flag INT DEFAULT 0;
	DECLARE v_error INTEGER DEFAULT 0;

  DECLARE v_goods_id INT DEFAULT 0;
  DECLARE v_sends_sum INT DEFAULT 0;
  DECLARE v_receives_sum INT DEFAULT 0;

	declare v_done int default false; 
	declare cur cursor for select goods_id,sends_sum,receives_sum from v_order_detail_sum where order_id = p_orderid;  
	declare continue HANDLER for not found set v_done = true;  

	DECLARE CONTINUE HANDLER FOR SQLEXCEPTION SET v_error=1;

  SELECT 1 FROM `order`
	 WHERE id = p_orderid
     and status = p_oldstatus
	 limit 1
	  into v_count;
  
  IF (v_count > 0) THEN

		select f_check_order_byuser(p_orderid,p_userid) into v_auth_flag;

		if (v_auth_flag > 0) then

			IF (p_newstatus = 'receive') THEN
				
				SELECT COUNT(1) FROM v_order_check
				 WHERE `order_id` = p_orderid
					 AND gap < 0
					INTO v_gap_flag;
				
			END IF;

			IF (v_gap_flag > 0) THEN

				select 2 as res;  /*物料库存不足*/

			ELSE

				START TRANSACTION;

				UPDATE `ORDER` SET STATUS = p_newstatus,update_by = p_userid WHERE ID = p_orderid;
				INSERT INTO `order_status` (`order_id`,`status`,`create_by`) VALUES (p_orderid,p_newstatus,p_userid);	
				
				IF (p_newstatus = 'done' or p_newstatus = 'receive') THEN

					/*更新库存信息*/
					open cur; 
					read_loop:loop 
					fetch cur into v_goods_id,v_sends_sum,v_receives_sum;

					if v_done then  
						leave read_loop;      
					end if;
					
					if (p_newstatus = 'receive') then
					/* 接收订单时冻结库存 */
						update inventory set quantity = quantity - v_sends_sum,locked = locked + v_sends_sum where goods_id = v_goods_id;
					end if;

					if (p_newstatus = 'done') then
					/* 扣减冻结库存 */
						update inventory set quantity = quantity + v_sends_sum - v_receives_sum, locked = locked - v_sends_sum where goods_id = v_goods_id;
					end if;

					end loop;
					close cur;
				
				END IF;
				
				IF v_error = 1 THEN  
					ROLLBACK;  
					select 1 as res; /*数据库执行异常*/
				ELSE  
					COMMIT;
					select 0 as res; /*成功*/
				END IF; 
				
			END IF;
		
		ELSE
			select 8 as res; /*没有操作权限*/
		END IF;	

	ELSE
		select 9 as res; /*order信息不正确*/
  END IF;

END
;;
DELIMITER ;



-- ----------------------------
-- Auto increment value for back
-- ----------------------------
ALTER TABLE `back` AUTO_INCREMENT=50;

-- ----------------------------
-- Auto increment value for back_detail
-- ----------------------------
ALTER TABLE `back_detail` AUTO_INCREMENT=26;

-- ----------------------------
-- Auto increment value for customer
-- ----------------------------
ALTER TABLE `customer` AUTO_INCREMENT=7;

-- ----------------------------
-- Auto increment value for goods
-- ----------------------------
ALTER TABLE `goods` AUTO_INCREMENT=309;

-- ----------------------------
-- Auto increment value for inventory
-- ----------------------------
ALTER TABLE `inventory` AUTO_INCREMENT=27;

-- ----------------------------
-- Auto increment value for model
-- ----------------------------
ALTER TABLE `model` AUTO_INCREMENT=18;

-- ----------------------------
-- Auto increment value for model_goods
-- ----------------------------
ALTER TABLE `model_goods` AUTO_INCREMENT=251;

-- ----------------------------
-- Auto increment value for order
-- ----------------------------
ALTER TABLE `order` AUTO_INCREMENT=37;

-- ----------------------------
-- Auto increment value for order_detail
-- ----------------------------
ALTER TABLE `order_detail` AUTO_INCREMENT=47;

-- ----------------------------
-- Auto increment value for order_status
-- ----------------------------
ALTER TABLE `order_status` AUTO_INCREMENT=87;

-- ----------------------------
-- Auto increment value for person
-- ----------------------------
ALTER TABLE `person` AUTO_INCREMENT=14;

-- ----------------------------
-- Auto increment value for receive
-- ----------------------------
ALTER TABLE `receive` AUTO_INCREMENT=81;

-- ----------------------------
-- Auto increment value for returning
-- ----------------------------
ALTER TABLE `returning` AUTO_INCREMENT=15;

-- ----------------------------
-- Auto increment value for returning_detail
-- ----------------------------
ALTER TABLE `returning_detail` AUTO_INCREMENT=29;

-- ----------------------------
-- Auto increment value for role
-- ----------------------------
ALTER TABLE `role` AUTO_INCREMENT=24;

-- ----------------------------
-- Auto increment value for role_auth
-- ----------------------------
ALTER TABLE `role_auth` AUTO_INCREMENT=68;

-- ----------------------------
-- Auto increment value for stock
-- ----------------------------
ALTER TABLE `stock` AUTO_INCREMENT=7;

-- ----------------------------
-- Auto increment value for stock_admin
-- ----------------------------
ALTER TABLE `stock_admin` AUTO_INCREMENT=45;

-- ----------------------------
-- Auto increment value for stock_loan
-- ----------------------------
ALTER TABLE `stock_loan` AUTO_INCREMENT=28;

-- ----------------------------
-- Auto increment value for system_login_records
-- ----------------------------
ALTER TABLE `system_login_records` AUTO_INCREMENT=511;

-- ----------------------------
-- Auto increment value for system_logs
-- ----------------------------
ALTER TABLE `system_logs` AUTO_INCREMENT=1213;

-- ----------------------------
-- Auto increment value for system_settings
-- ----------------------------
ALTER TABLE `system_settings` AUTO_INCREMENT=4;

-- ----------------------------
-- Auto increment value for title
-- ----------------------------
ALTER TABLE `title` AUTO_INCREMENT=9;

-- ----------------------------
-- Auto increment value for tmp
-- ----------------------------
ALTER TABLE `tmp` AUTO_INCREMENT=1;

-- ----------------------------
-- Auto increment value for truck
-- ----------------------------
ALTER TABLE `truck` AUTO_INCREMENT=6;

-- ----------------------------
-- Auto increment value for vendor
-- ----------------------------
ALTER TABLE `vendor` AUTO_INCREMENT=25;

-- ----------------------------
-- Auto increment value for warehouse
-- ----------------------------
ALTER TABLE `warehouse` AUTO_INCREMENT=4;
